1,263,,1
1,286,,1
1,320,,7
1,537,,1
1,874,,1
1,878,,6
1,878,...UA,1
1,888,,4
1,895,,6
1,905,,1
1,918,,7
1,931,,1
1,942,,1
1,1001,,1
1,1122,,6
1,1166,......[0123456789]..[123456789],5
1,1166,......H..[ABCD],5
1,1166,.....3H..[^ABCD],6
1,1166,.....4H..[^ABCD],5
1,1252,,6
1,1296,,6
1,1542,......[56]..[456789],6
1,1542,......[EFH]..[^Y123456789],6
1,1689,......[0123456789]..[45678],6
1,1689,.....8F..[^JKLMNPRSTVWXY123456789],6
1,1689,.....9[EF]..[^JKLMNPRSTVWXY123456789],5
1,1689,...UA8[0123456789]..9,6
1,1689,...UA9[0123456789]..9,5
1,1690,,6
1,1801,......[0123456789]..[56789],5
1,1801,......F..[^JKLMNPRSTVWXY123456789],5
1,2028,,6
1,2039,.....1[0123456789]..[789],5
1,2039,.....1H..[ABC],5
1,2039,.....2H..[ABC],6
1,2039,.....3H..[^Y123456789ABC],6
1,2039,.....4H..[^Y123456789ABC],5
1,2376,......H..[^123456789],5
1,2548,......[EF]..[^Y123456789ABC],6
1,2573,......F..[^Y123456789ABC],6
1,2595,......F..[^ABCD],6
1,2719,......F..[^ABCD],5
2,3,,1
2,239,,1
2,312,,1
2,461,,1
3,82,,1
3,167,,1
3,206,,1
3,206,,4
3,217,,1
3,462,,1
4,1,,1
4,1,,4
4,6,,1
4,6,,4
4,33,.........[BCDEFGH],1
4,33,.........[EFGH],4
4,38,,1
4,38,,4
4,60,,1
4,60,,4
4,65,,1
4,65,,4
4,106,,1
4,179,,1
4,180,,1
4,180,,4
4,231,,1
4,391,,1
4,391,,4
4,426,......4..[PR],4
4,426,......4..N,1
4,426,......8..[12],5
4,426,......8..[456789],5
4,426,......8..Y,4
4,426,......F..[^Y123456789],5
4,528,,1
4,528,,4
4,862,......4..[789],5
4,862,......4..[STV],4
4,862,......F..[^Y123456789C],5
4,862,...[MX]..4..[23],5
4,863,......4..[ST],1
4,863,....[GV].F..[AB],5
4,863,....F.F..C,6
4,863,....G.F..[^Y123456789AB],5
4,863,....K.F..[AB],6
4,863,....M.F..[^Y123456789AB],5
4,863,...[AB][GH].4..[678],6
4,863,...[BD]..4..X,5
4,863,...[BFGHJ]F.F..[^Y123456789ABC],5
4,863,...[CA]..4..9,6
4,863,...[CD]F.F..[^Y123456789ABC],6
4,863,...[CELMVZ]..4..[1234],5
4,863,...[DE]..4..[5678],5
4,863,...[DNSWX]..4..9,5
4,863,...[ELZ]..4..Y,5
4,863,...[FH]..4..[STV],3
4,863,...[GJ]..4..[STV],4
4,863,...[KS]..4..[678],5
4,863,...A..4..[WX],6
4,863,...B..4..[Y1],6
4,863,...B..4..W,5
4,863,...J..4..[234],6
4,863,...J..4..W,4
4,863,...N..4..9,5
4,879,......8..[TV],1
4,879,...[ABCJ][FGH].8..[56789],6
4,879,...[ABJ][CT].8..[23456],6
4,879,...[AD][FH].8..9,5
4,879,...[AEJ]..F..[^JKLMNPRSTVWXY123456789],6
4,879,...[BDF]..8..[TVWX],3
4,879,...[BDFHKMSW4]..F..[^JKLMNPRSTVWXY123456789],5
4,879,...[CEG]..8..[TVWX],4
4,879,...[DE]T.8..[56],5
4,879,...[DEKS][FGH].8..[5678],5
4,879,...[DHK]..8..Y,4
4,879,...[DHKLV][CHT].8..[12345],5
4,879,...[GLMSVX][FK].8..9,5
4,879,...A..8..[Y1],3
4,879,...TC.8..[345],6
4,924,......4..[VW],1
4,924,......F..[^Y123456789],5
4,924,...A..4..[VWX],3
4,924,...B..4..[VWX],4
4,924,...F..4..[123],5
4,924,...F..4..Y,4
4,924,...L..4..[56789],5
4,1040,......F..[^Y123456789],5
4,1040,...[AHJLMY]..8..[89],6
4,1040,...[DKRUVX]..8..[89],5
4,1040,...[ST]..8..[Y123456],6
4,1040,...[UW]..8..[Y123456],5
4,1138,......4..[123456789],5
4,1138,......F..[^Y123456789],5
4,1162,,5
4,1253,......4..[123],5
4,1253,......4..[789],5
4,1253,......F..[^123456789ABC],5
4,1394,...[BEFJKNP]..F..[^FGHJKLMNPRSTVWXY123456789],6
4,1394,...[DM]..F..[^FGHJKLMNPRSTVWXY123456789],5
4,1394,...[HMN]..8..[6789],6
4,1394,...KD.8..[6789],5
4,1394,...KF.8..[789],5
4,1575,,5
4,2010,......4..[789],5
4,2010,......F..[^Y123456789],5
4,2045,,5
4,2188,,1
4,2238,......4..[89],5
4,2238,......F..[^ABCD],5
4,2238,......F..[ABC],5
4,2241,......[0123456789]..[89],5
4,2241,......FR.[^123456789],5
4,2241,...[AJTU]..FH.[ABCD],6
4,2241,...[AJU]..FH.[^ABCD],6
4,2241,...[CDLMVW]..FH.[^ABCD],5
4,2241,...[CLVW]..FH.[ABCD],5
4,2242,......[0123456789]..[89],5
4,2242,......F..[^123456789],5
4,2299,......8..9,5
4,2299,......F..[^Y123456789],5
4,2312,......8..9,5
4,2312,......F..[^Y123456789],5
4,2498,......F..[^Y123456789AB],5
4,2514,......F..[CD],5
4,2558,......F..[^Y123456789ABC],5
4,2565,......F..[^Y123456789ABC],5
4,2575,......F..[^123456789ABC],5
4,2583,......F..[^Y123456789ABC],5
4,2625,......F..[^ABCD],5
4,2644,......F..[^ABCD],5
5,26,,1
5,27,,1
5,28,.........[Y],7
5,28,....M....[X],7
5,28,...B.....[WX],1
5,29,.........[1],5
5,29,.........[1],7
5,29,.........[EFGHJKLMNPRS],1
5,42,,1
5,43,,1
5,44,,1
5,45,,1
5,46,,1
5,52,,1
5,53,,1
5,54,,1
5,55,,1
5,56,,1
5,57,,1
5,64,,1
5,271,,1
5,272,,1
5,292,......3..[123456789],7
5,292,......3..[HJKLM],1
5,292,......3..[STVWX],1
5,292,......C..[^JKLMNPRSTVWXY123456789],7
5,294,......3..[6789],7
5,294,......3..[HJ],1
5,294,......3..[MNPR],1
5,294,......3..[Y123],1
5,294,......C..[^123456789AB],7
5,294,......C..A,7
5,295,......3..[6789],7
5,295,......4..[HJ],1
5,295,......C..[^Y123456789B],7
5,575,,1
5,750,,1
5,824,,1
5,881,.........[TVW],1
5,881,....M....[XY],7
5,881,...B.....[X],1
5,885,,1
5,1046,,1
5,1047,,1
5,1047,,7
5,1048,,1
5,1048,,7
5,1054,......3..[123456789],5
5,1054,......3..[Y],4
5,1054,......C..[ABCD],5
5,1054,.....[046]C..[^ABCD],5
5,1054,.....2C..[^ABCD],7
5,1148,,7
5,1175,,5
5,1175,,7
5,1275,......[0123456789]..[12345],7
5,1275,....B1C..[^AB],7
5,1275,....B1G..[^ABCD],7
5,1275,....C3C..[^ABC],5
5,1275,....C3G..[^ABCD],5
5,1316,,7
5,1321,,7
5,1322,,5
5,1323,,7
5,1324,,5
5,1325,,1
5,1325,,7
5,1326,,1
5,1326,,7
5,1327,,1
5,1328,,7
5,1329,,7
5,1374,,7
5,1431,......3..[3456789],7
5,1431,......C..[^Y123456789],7
5,1432,,7
5,1433,......3..[345678],7
5,1433,......C..[^JKLMNPRSTVWXY123456789],7
5,1565,,7
5,1582,......3..[456789],5
5,1582,......C..[ABCDE],5
5,1582,....[WXY].C..[^ABCDE],5
5,1582,....Z.C..[^ABCDE],7
5,1627,,7
5,1819,,1
5,1820,.........[Y123456789A],1
5,1822,,1
5,1823,,1
5,1824,,1
5,1826,,1
5,1920,......3..[6789],7
5,1920,....A.C..[^123456789ABC],7
5,1920,....A8C..[ABC],7
5,1920,....B.C..[^123456789ABC],5
5,1920,....C6C..[ABC],5
5,1920,....X6C..[BC],7
5,1921,......3..[6789],7
5,1921,....B8C..[ABC],7
5,1921,....C8C..[ABC],5
5,1921,....E.C..[^Y123456789ABC],7
5,1921,....F.C..[^Y123456789ABC],5
5,1921,....X8C..[BC],7
5,1929,,5
5,1930,,5
5,1970,,1
5,2006,......3..[6789],7
5,2006,......C..A,7
5,2006,....N.C..[^ABCD],7
5,2006,....P.C..[^ABCD],5
5,2006,....R.C..[BCD],7
5,2006,....U.C..[BCD],5
5,2044,,1
5,2046,,1
5,2071,......3..[6789],7
5,2071,......C..[^EFGHJKLMNPRSTVWXY123456789],7
5,2077,......3..[6789],7
5,2077,......C..A,7
5,2077,.....1C..[^123456789ABC],5
5,2077,.....3C..C,7
5,2077,.....5C..C,5
5,2077,.....9C..[^123456789ABC],7
5,2089,......3..[78],7
5,2089,......7..[89],7
5,2089,...3A.[CG]..[^Y123456789AB],7
5,2089,...3B.[CG]..[^Y123456789ABC],5
5,2089,...DX.C..[^JKLMNPRSTVWXY123456789A],7
5,2089,...KF.C..[^JKLMNPRSTVWXY123456789A],5
5,2089,...KG.C..[^JKLMNPRSTVWXY123456789A],7
5,2089,...PL.[CG]..[AB],5
5,2089,...PL.3..9,5
5,2089,...PM.[CG]..[AB],7
5,2089,...PM.3..9,7
5,2089,...VB.3..[78],7
5,2089,...W[BL].3..9,7
5,2089,...W[BL].C..A,7
5,2089,...WC.3..9,5
5,2089,...WC.C..A,5
5,2090,.........[78],7
5,2090,....[AC].[CG]..[^Y123456789AB],7
5,2090,....[BHLRT].[CG]..A,7
5,2090,....[BHLRTV][^5][37]..9,7
5,2090,....[CKUV][357][37]..9,5
5,2090,....[CKVU].[CG]..A,5
5,2090,....B.[CG]..[^123456789ABC],5
5,2090,....E.C..[BCD],7
5,2090,....F.C..[BCD],5
5,2090,....G.C..[^ABCD],5
5,2090,....H.[CG]..[AB],7
5,2090,....K.[CG]..[AB],5
5,2090,....T.[CG]..[BC],7
5,2090,....U.[CG]..[BC],5
5,2090,....W.C..[BCD],7
5,2090,...PH[57][37]..9,7
5,2090,...PK[57]3..9,5
5,2090,...UT93..9,7
5,2090,...UU33..9,5
5,2090,...W[BC]33..9,5
5,2090,...W[LR][13]3..9,7
5,2090,...WV13..9,7
5,2090,...WV53..9,5
5,2091,,5
5,2233,.....5C..[^ABCD],7
5,2233,.....7C..[^ABCD],5
5,2233,....G.C..[CD],7
5,2233,....H.C..[CD],5
5,2233,...FR1C..B,7
5,2233,...NU53..[89],7
5,2233,...NU5C..A,7
5,2233,...NV13..9,5
5,2233,...NV1C..A,5
5,2234,,5
5,2235,.....1C..[^ABCD],7
5,2235,.....3C..[^ABCD],5
5,2235,...FR7C..[BCD],7
5,2235,...FU7C..[BCD],5
5,2235,...NV93..9,5
5,2235,...NV9C..A,5
5,2235,...NW13..[89],7
5,2235,...NW1C..A,7
5,2235,...PT73..9,5
5,2235,...PT7C..A,5
5,2236,,5
5,2267,,5
5,2277,,1
5,2281,......3..[89],7
5,2281,......C..[^Y123456789],7
5,2282,......3..[89],7
5,2282,......C..[^Y123456789],7
5,2289,......3..[89],5
5,2289,......C..[^Y123456789],5
5,2300,,1
5,2301,,1
5,2302,,1
5,2319,,1
5,2332,,1
5,2338,......3..9,7
5,2338,......C..[^DEFGHJKLMNPRSTVWXY123456789],7
5,2367,,1
5,2368,.........[^123456],1
5,2371,.........[^12345678],1
5,2374,,1
5,2377,,1
5,2394,,1
5,2401,,1
5,2403,,1
5,2404,,1
5,2415,.....0C..[^ABCD],5
5,2415,.....6C..[^ABCD],7
5,2415,....N.C..[ABCD],7
5,2415,....P.C..[ABCD],5
5,2439,.....2C..[^ABCD],5
5,2439,.....4C..[^ABCD],7
5,2439,....N.C..[ABCD],7
5,2439,....P.C..[BCD],5
5,2446,......C..[^JKLMNPRSTVWXY123456789A],7
5,2447,......C..[^JKLMNPRSTVWXY123456789A],7
5,2448,......C..[BC],7
5,2448,....E.C..[^123456789ABC],7
5,2448,....F.C..[^123456789ABC],5
5,2467,...0416..[RSTVWXY1],1
5,2468,...0338..[567],1
5,2469,...0498..[234],1
5,2470,...0407..[STVWXY],1
5,2471,...0496..[34],1
5,2474,.........[XY1234],1
5,2505,......C..B,7
5,2507,,1
5,2508,,1
5,2520,....L1C..[^Y123456789AB],5
5,2520,....M1C..[^Y123456789ABC],7
5,2520,....M5C..[^Y123456789ABC],5
5,2526,.....[15]C..[^ABCD],5
5,2526,.....[37]C..[^Y123456789AB],7
5,2534,.....0C..[^123456789ABC],7
5,2534,.....8C..[^ABCD],5
5,2535,.....2C..[^Y123456789ABC],7
5,2535,.....4C..[^Y123456789ABC],5
5,2547,......C..[^Y123456789AB],7
5,2554,......C..[^Y123456789ABC],7
5,2564,......C..[^123456789ABC],7
5,2576,......C..[^Y123456789ABC],7
5,2600,,1
5,2601,,1
5,2605,,1
5,2606,,1
5,2607,......C..[^ABCD],7
5,2615,....D3C..[^ABCD],7
5,2615,....D5C..[^ABCD],5
5,2615,....K5C..[^ABCD],5
5,2616,......C..[^ABCD],5
5,2617,......C..[^ABCD],5
5,2635,....N[37]C..[^ABCD],7
5,2635,....N[59]C..[^ABCD],5
5,2635,....T1C..[^ABCD],5
5,2635,....V[57]C..[^ABCD],7
5,2635,....V9C..[^ABCD],5
5,2636,....R1C..[^ABCD],7
5,2636,....R5C..[^ABCD],5
5,2636,....T3C..[^ABCD],7
5,2645,.....3C..[^ABCD],5
5,2645,.....5C..[^ABCD],7
5,2665,......C..[^ABCD],7
5,2666,......C..[^ABCD],7
5,2692,,1
5,2701,,1
5,2702,.....5C..[^ABCDE],7
5,2702,.....7C..[^ABCDE],5
5,2703,.....1C..[^ABCDE],7
5,2703,.....3C..[^ABCDE],5
5,2704,....Z.C..[^ABCD],7
6,119,,1
6,119,.........[^BCDEFGHJKLMNPRST],6
6,216,,1
6,284,,1
6,284,.........[^BCDEFGHJKLMNPRSTVWX],6
6,330,,1
6,330,.........[^BCDEFGHJKLMNPRST],6
6,415,,1
6,416,,1
6,416,.........[VWXY1234],6
6,416,......[^0123456789]..[BCD],6
6,416,....[KMNRT].[^0123456789]..[^123456789ABCD],6
6,416,....[LPSU].[^0123456789]..[^123456789ABCD],5
6,418,,1
6,419,,1
6,454,,1
6,455,,1
6,456,,1
6,457,,1
6,1206,....A,6
6,1206,....B,5
6,1638,....S,7
6,1638,....T,5
6,1691,.........[56789],6
6,1691,...G[ABCDFHJ]....[CD],6
6,1691,...G[ABCE]....[AB],6
6,1691,...G[ABDF]....[^56789ABCD],6
6,1691,...G[CE]....[^56789ABCD],5
6,1691,...G[EGL]....[CD],5
6,1691,...G[JKM]....[A],6
6,1691,...GD....[AB],5
6,1691,...GL....[A],5
6,1703,.........[56789],6
6,1703,...G[JKM]....[^56789],6
6,1703,...GL....[^56789],5
6,1816,....V,6
6,1816,....X,5
6,1960,,6
6,2161,....R,6
6,2161,....V,5
6,2517,,6
6,2577,.....[ABCD],6
6,2577,.....[EFGH],5
7,81,,1
7,155,,1
7,197,,1
7,197,.........[^BCDEFGHJKLMNPRSTVWX],6
7,215,,1
7,230,,1
7,448,,1
7,448,.........[^BCDEFGHJKLMNPRSTV],6
7,453,,1
7,906,,1
7,991,,1
7,1022,....3....[^XY123456789A],3
7,1022,....4....[^XY123456789ABCDE],4
7,1022,....4....[BCDE],5
7,1022,....C....[23456789A],3
7,1022,....K....[23456789A],5
7,1022,....K....[XY],4
7,1289,,5
7,1373,.........[34567],7
7,1373,....[AEFJKP]....[ABCD],7
7,1373,....[CGHLMS]....[ABCD],5
7,1373,....[FJMPRUV]....[89],7
7,1373,....[GHST]....[89],5
7,1373,...A[PRSTUV].[^1234567890]..[^123456789ABCD],7
7,1373,...A[WXYZ].[^1234567890]..[^123456789ABCD],5
7,1373,...D[ABCD]....[E],7
7,1373,...D[EFGH]....[E],5
7,1465,....3....[^3456789A],3
7,1465,....4....[^3456789ABCDE],4
7,1465,....4....[BCDE],5
7,1465,....C....[89A],3
7,1465,....K....[3456789A],5
7,1471,,7
7,1555,.........[4567],5
7,1555,.........[4567],7
7,1555,.....[26]...[89],7
7,1555,.....[45]...[89],5
7,1555,.....[ABCD]...[^456789ABCD],6
7,1555,.....[ABCDE]...[D],6
7,1555,.....[ABCG]...[ABC],6
7,1555,.....[DEFHJK]...[ABC],5
7,1555,.....[EFG]...[^456789ABCD],5
7,1555,.....[FGHJ]...[D],5
7,1631,,7
7,1699,.........[^56789],5
7,1699,.........[^56789],7
7,1699,.........[567],7
7,1699,.........[67],5
7,1699,.......A.5,5
7,1699,...D[AD]....[89],5
7,1699,...D[BL]....[89],5
7,1699,...D[CZ]....[89],7
7,1699,...D[KW]....[89],7
7,1903,,7
7,1952,,6
7,1961,,7
7,2549,....[ABCDEF].[^1234567890]..[^123456789ABC],7
7,2549,....[GHJKLM].[^1234567890]..[^123456789ABC],5
7,2552,....[LMPS]....[^D],6
7,2552,....[NPSU]....[D],6
7,2552,....[NRTVW]....[^D],5
7,2552,....[RTV]....[D],5
7,2651,,6
8,303,,1
9,76,,3
9,87,....L....[^FGHJKLMNPRSTVWXY],5
9,87,....L....[LMNPRSTVWXY],4
9,87,....M,3
9,93,,1
9,95,....[KV]....[BCDEFGHJKLMNPR],4
9,95,....C....[BCDEFGHJKLMNPR],3
9,95,....S....[^BCDEFGHJKLMNPR],3
9,95,....T....[^BCDEFGHJKLMNPR],4
9,108,,1
9,108,,7
9,111,,1
9,115,.........[^BCDEFGHJKLMNPR],6
9,115,.........[CDEFGHJKLMNPR],1
9,116,,1
9,125,,1
9,126,,1
9,126,,3
9,127,,1
9,127,,3
9,128,,1
9,128,,3
9,129,,1
9,129,,3
9,130,,3
9,132,,3
9,133,,3
9,135,,3
9,141,,4
9,143,,4
9,144,,4
9,146,,4
9,147,,3
9,149,,3
9,151,,4
9,156,,1
9,157,,1
9,176,,1
9,176,...LD,1
9,177,.........[BCDEFGHJKLMNPRST],1
9,177,.........[VWXY123456789A],7
9,177,......[^1234567890]..[^123456789],7
9,187,,1
9,187,,3
9,256,..........,3
9,259,,1
9,259,.........[Y123456789A],6
9,259,......[^1234567890]..[^123456789A],6
9,288,,1
9,289,,1
9,289,,3
9,290,....[CL],3
9,290,....[KR],4
9,301,.........[4567],6
9,301,.........[89],6
9,301,.........[ABCD],1
9,301,.........[VWXY123],1
9,301,......[^0123456789]..[^123456789],6
9,310,,1
9,317,,1
9,317,.........[^BCDEFGHJKLMNPRSTVWX],6
9,326,,1
9,336,,3
9,338,,1
9,338,,3
9,339,,1
9,339,,3
9,341,,1
9,341,,3
9,342,,1
9,342,,3
9,344,,1
9,344,,3
9,355,,1
9,355,,4
9,357,,1
9,357,,4
9,358,,1
9,358,,4
9,360,,1
9,360,,4
9,361,,1
9,361,,4
9,363,,1
9,363,,4
9,364,,1
9,364,,3
9,366,,1
9,366,,3
9,368,,1
9,368,,3
9,370,,1
9,370,,4
9,372,,1
9,372,,4
9,374,,1
9,374,,4
9,384,,1
9,422,....S....[CDEFGHJKLMNPRSTVWXY123],3
9,422,....T,4
9,423,,1
9,423,....S,3
9,423,....T,4
9,460,,1
9,463,,1
9,463,,3
9,464,,1
9,464,,3
9,465,,1
9,465,,3
9,467,,1
9,484,,3
9,485,,3
9,486,,1
9,486,,3
9,487,,3
9,488,,4
9,489,,4
9,490,,1
9,490,,4
9,491,,4
9,492,,1
9,492,,3
9,493,,3
9,494,,1
9,494,,3
9,495,,3
9,496,,1
9,496,,4
9,497,,4
9,498,,1
9,498,,4
9,499,,4
9,520,....E,3
9,520,....J,4
9,597,,1
9,631,,3
9,859,....C,3
9,859,....K,4
9,899,,3
9,900,,3
9,901,,3
9,902,,3
9,903,,3
9,904,,3
9,920,....[UX],6
9,920,....V....[^VWXY1],5
9,920,....V....[^VWXY1234],6
9,1000,,3
9,1024,,3
9,1025,,3
9,1026,,4
9,1027,,4
9,1036,,3
9,1037,,4
9,1187,....C,3
9,1188,....K,4
9,1188,....K..N.[345],5
9,1189,,3
9,1190,,4
9,1191,,3
9,1192,,4
9,1193,,3
9,1194,,3
9,1195,,4
9,1207,,3
9,1211,,4
9,1265,....S,3
9,1265,....T,4
9,1265,....T..H.6,5
9,1290,,3
9,1291,,4
9,1297,,3
9,1299,,3
9,1300,,4
9,1301,,4
9,1385,....S,3
9,1385,....T,4
9,1448,,5
9,1450,,5
9,1603,,6
9,1605,....S....[^456789ABCDE],3
9,1605,....S....[456789ABC],3
9,1605,....T....[^456789ABCDE],4
9,1605,....T....[456789ABC],4
9,1609,,6
9,1610,,7
9,1616,,6
9,1628,,6
9,1629,,6
9,1632,.....[ABCD]...[^56789ABCD],6
9,1632,.....[EFGH]...[^56789ABCD],5
9,1632,.....5.7.[8],6
9,1632,.....7.7.[8],5
9,1632,....L[02468]...[89],5
9,1632,....L[13579]...[89],6
9,1632,....L[16]...[567],6
9,1632,....L[27]...[567],5
9,1632,....L[BDFP]...[ABCD],6
9,1632,....L[CEGN]...[ABCD],5
9,1632,....L1...[8],5
9,1632,....L2...[8],6
9,1643,,6
9,1674,,6
9,1680,....[UV],6
9,1680,....X....[56],5
9,1692,,6
9,1852,,1
9,1854,,1
9,1855,,1
9,1865,,1
9,1866,,1
9,1901,,6
9,2057,....C,3
9,2057,....K,4
9,2110,....C,3
9,2112,....C,3
9,2113,,3
9,2114,....C,3
9,2115,,4
9,2116,....K,4
9,2118,....K,4
9,2119,....K,4
9,2257,,6
9,2258,,3
9,2259,,4
9,2285,....R,6
9,2285,....V,5
9,2472,,6
9,2483,,6
9,2513,,6
9,2527,,6
9,2540,.....[123]...[^AB],6
9,2540,.....4...[^ABC],6
9,2540,.....4...[C],5
9,2551,,7
9,2553,,6
9,2578,.....[KLMN],6
9,2578,.....[PRS],5
9,2610,,6
9,2626,,7
9,2637,,7
9,2668,....C....[^123456789ABCDE],3
9,2668,....K....[^123456789ABCDE],4
9,2669,....C....[^789ABCDE],3
9,2669,....K....[^789ABCDE],4
9,2680,,6
9,2698,....C....[^123456789ACBDE],3
9,2698,....K....[^123456789ACBDE],4
9,2717,....C,3
9,2717,....K,4
9,2720,,3
9,2721,,3
9,2723,,6
10,168,,1
10,168,.........[^PRSTV],6
10,169,,1
10,172,,1
10,196,,1
10,201,,1
10,202,,1
10,221,,1
10,227,,1
10,260,,1
10,264,,1
10,264,.........[^PRSTV],6
10,279,,1
10,280,,1
10,281,,1
10,323,,1
10,324,,1
10,507,,1
10,518,....C.....,3
10,518,....H....[NPRS],3
10,518,....J....[7],3
10,518,....K....[NPRS],4
10,518,....P....[TVWXY1234567],3
10,518,....R....[89AB],3
10,518,....T....[12345],5
10,518,....T....[TVWXY],4
10,518,....Y....[LM],3
10,755,,1
10,782,,1
10,799,.........[1234567],6
10,799,.........[STVWXY],1
10,799,....C....[^STVWXY1234567],6
10,799,....D....[8],5
10,852,,1
10,855,,1
10,1005,,6
10,1121,,6
10,1135,,3
10,1136,....J....[^BCDEFGHJKLMNPRSTVWX],3
10,1280,,1
10,1538,....F,5
10,1538,....M,6
10,1549,,7
10,1644,....A....[56789AB],7
10,1644,....CA[ABC]G.[C],7
10,1644,....CA[ABDEP]G.[^56789ABC],7
10,1644,....CA[BDEP]T.[^56789ABC],7
10,1644,....CA[EDP]T.[C],7
10,1644,....CA[FX]J.[^56789AB],7
10,1644,....CA[GH]G.[C],5
10,1644,....CA[GJKRS]G.[^56789ABC],5
10,1644,....CA[GJKS]T.[^56789ABC],5
10,1644,....CA[JKS]T.[C],5
10,1644,....K....[56789AB],5
10,2108,....W,4
10,2108,....X,3
10,2491,.........[BCDE],6
10,2491,......[ABCF]..[^BCDE],6
10,2491,......[DE]..[^BCDE],5
11,122,,1
11,420,,4
12,32,,1
12,48,,1
12,85,,1
12,112,,1
12,112,....D[145]...M,4
12,112,....H....[NPRS],3
12,112,....K....[EFGHJKL],3
12,112,....K....M,3
12,112,....K[145]...[NP],4
12,112,....P....[^BCDEFGHJKLMNPRS],3
12,120,.........[^1234567],7
12,120,.........[BCDE],1
12,123,.........[CDEFGH],1
12,123,......[BCEHG]..[^Y123456789AB],7
12,123,......[DJ]..[^Y123456789AB],5
12,123,....A....[6789A],7
12,123,....K....[789A],5
12,123,....L.C..[B],7
12,123,....M.C..[B],5
12,129,,3
12,136,,3
12,137,,3
12,153,,4
12,154,,4
12,164,,1
12,164,,3
12,164,,4
12,165,,1
12,165,....G....[EFGHJKLM],3
12,165,....H....[FGHJKLM],4
12,169,,1
12,194,....E....[^HJKLMNPRSTVWXY1234],3
12,194,....G....[KLMNPRSTVWXY1234],4
12,194,....L....[KLMNPRSTVWXY1234],3
12,194,....N....[HJ],3
12,194,....R....[HJ],4
12,194,....W....[^HJKLMNPRSTVWXY1234],4
12,196,,1
12,200,,1
12,201,,1
12,223,,1
12,252,......[^0123456789]..[^123456789AB],3
12,252,....[DK][45]...[HJKLM],3
12,252,....H[245]...[NPRS],3
12,252,....K[45]...[MNPRS],4
12,252,....N....[89AB],3
12,252,....P[234567]...[TVWXY1234567],3
12,252,....T[4567]...[1234],5
12,252,....T[457]...[VWXY],4
12,264,,1
12,264,.........[^PRSTV],6
12,277,,1
12,313,,1
12,313,,3
12,314,,1
12,316,,1
12,328,,1
12,345,,1
12,345,,3
12,346,,1
12,346,,3
12,347,,1
12,347,,3
12,348,,1
12,348,,3
12,376,,1
12,376,,4
12,377,,1
12,377,,4
12,378,,1
12,378,,4
12,379,,1
12,379,,4
12,396,,1
12,396,,4
12,401,,1
12,401,....[KMT],4
12,401,....[LPS],3
12,402,,1
12,402,,3
12,403,,1
12,403,,3
12,404,,1
12,404,,3
12,405,,1
12,405,,3
12,406,,1
12,406,,3
12,407,,1
12,407,,3
12,408,,1
12,408,,3
12,409,,1
12,409,,3
12,410,,1
12,410,,4
12,411,,1
12,411,,4
12,412,,1
12,412,,3
12,449,,1
12,462,,1
12,468,,1
12,472,,1
12,472,,3
12,472,,5
12,539,......[59]..[3456],7
12,539,......[59]..[89],7
12,539,......[59]..[NPRSTVWXY12],1
12,539,......[EJ]..[^DEFGHJKLMNPRSTVWXY123456789],7
12,629,,6
12,656,....V,7
12,656,....Z,5
12,772,,1
12,773,,1
12,842,....A....[2345678],3
12,842,....B....[^RSTVWXY12345678],3
12,842,....C....[RSTVWXY1],3
12,842,....F....[RSTVWXY1],4
12,842,....R....[678],3
12,842,....S....[678],4
12,842,....U....[2345678],4
12,842,....V....[^RSTVWXY12345678],4
12,843,....A....[3456],3
12,843,....C....[RSTVWXY12],3
12,843,....F....[RSTVWXY12],4
12,843,....P....[^RSTVWXY123456789],3
12,843,....R....[56789],3
12,843,....S....[56789],4
12,843,....T....[^RSTVWXY123456789],4
12,843,....U....[3456],4
12,844,....A....[34],3
12,844,....C....[RSTVWXY12],3
12,844,....F....[RSTVWXY12],4
12,844,....L....[6789],3
12,844,....M....[^RSTVWXY123456789],3
12,844,....R....[56789],3
12,844,....S....[56789],4
12,844,....U....[34],4
12,844,....X....[6789],4
12,844,....Y....[^RSTVWXY123456789],4
12,845,....C,3
12,845,....F,4
12,846,....C,3
12,846,....F,4
12,851,.........[STVWXY],1
12,851,....C....[89A],6
12,851,....D....[^STVWXY123456789A],6
12,851,....D....[8],5
12,855,,1
12,855,.........[^STVWX],6
12,856,,1
12,856,.........[^STVWXY],6
12,937,,1
12,950,....B....[456789],4
12,950,....D....[456789],3
12,950,....D.G..[B],7
12,950,....DH...[^WXY123456789AB],7
12,950,....DJ...[^WXY123456789AB],5
12,950,....E.G..[B],5
12,950,....R....[XY123],3
12,950,....S....[WXY123],4
12,966,,3
12,967,,3
12,968,,3
12,969,,3
12,970,,3
12,971,,3
12,1470,,6
12,1684,,7
12,1685,,7
12,1860,,1
12,1861,,1
12,1883,,1
12,2047,.........[^789AB],6
12,2047,....B....[789AB],6
12,2047,....E....[78],5
12,2109,....T,3
12,2109,....U,4
12,2268,....DC...[^9AB],6
12,2268,....DD...[^9AB],5
12,2268,....G....[9AB],6
12,2268,....H....[9AB],5
12,2579,,7
13,7,,1
13,7,,3
13,7,,4
13,165,,3
13,165,,4
13,206,,1
13,206,,4
13,309,,1
13,309,,3
13,382,,1
13,382,,3
13,500,,1
13,500,....[ABUV],3
13,500,....[CW],4
13,510,,1
13,510,....[FKS],3
13,510,....[GLT],4
13,540,,1
13,540,,3
13,811,,1
13,811,,3
13,811,,4
14,98,,1
14,461,,1
14,476,,1
14,547,,1
14,2493,......[ABCFH]..[^Y123456789AB],6
14,2503,......[DEJ]..[^Y123456789AB],6
14,2621,......G..[^123456789ABC],6
14,2622,......[ABCD]..[^ABCD],6
15,80,,1
15,80,.....[13],3
15,80,.....[24]...[^BCDEFGHJK],4
15,100,,1
15,100,,4
15,101,,1
15,101,......[45],4
15,101,......2,3
15,129,,1
15,129,,3
15,138,,3
15,139,......7..[BCDEF],3
15,139,......8..[BCDEF],4
15,140,,1
15,140,......[57]..[BCDEFGHJKLMNPRSTVW],3
15,140,......[68]..[BCDEFGHJKLMNPRSTVW],4
15,140,.....3[357]..[^BCDEFGHJKLMNPRSTVW],4
15,140,.....3[46]..[^BCDEFGHJKLMNPRSTVW],3
15,160,,3
15,161,,3
15,162,,3
15,163,,3
15,181,,1
15,181,,3
15,183,,1
15,183,.........[^CDEFGHJKLMNPRSTVWXY12],7
15,186,,3
15,205,,1
15,208,,3
15,209,,3
15,210,,3
15,211,,3
15,218,,1
15,222,......[45][^P].[MNPRSTVWX],4
15,222,......2..[MNPRSTVWX],3
15,222,.....35..[TVWX],5
15,222,.....6...[Y123456789A],3
15,222,.....7...[^MNPRSTVWXY123456789A],6
15,222,.....7...[Y123456789A],4
15,222,.....8...[^MNPRSTVWXY123456789A],4
15,222,.....8...[^MNPRSTVWXY123456789ABC],5
15,222,.....8...[A],5
15,222,.....8[2345]..[34],5
15,222,.....8[345]..[Y1],5
15,222,....U8[345]..[89],5
15,224,,1
15,225,,1
15,248,,1
15,275,,1
15,319,.........[BCDEFGHJKLMNP],1
15,319,.........[RSTVWXY123456789],7
15,319,......[^0123456789]..[^Y123456789],7
15,349,,1
15,349,,3
15,350,......2..[56789],3
15,350,......4..[56789],4
15,350,......4..[BCDEFGHJKLMNPRST],4
15,350,......5..[BCDEFGHJKLMNPRST],3
15,350,......7..[VWXY123],3
15,350,......8..[VWXY123],4
15,350,......C..[^123456789],3
15,350,......E..[^123456789],4
15,350,......E..[ABC],5
15,350,......R..[^123456789A],4
15,351,.........[ST],1
15,351,......0..[Y123456789],3
15,351,......1..[Y123456789],4
15,351,......5..[BCDEFGHJKLMNPRST],3
15,351,......6..[BCDEFGHJKLMNPRST],4
15,351,......A..[ABCDE],3
15,351,......B..[ABCDE],4
15,352,......[02]..[XY123456789],3
15,352,......[13]..[XY123456789],4
15,352,......[57]..[BCDEFGHJKLMNPRSTVW],3
15,352,......[68]..[BCDEFGHJKLMNPRSTVW],4
15,352,......[AC]..[ABCDE],3
15,352,......[BD]..[ABCDE],4
15,385,,1
15,414,.....10..[DEFGHJKLMNPRSTVWXY123456789],3
15,414,.....11..[DEFGHJKLMNPRSTVWXY123456789],4
15,414,.....12..[DEF],3
15,414,.....14..[GHJKLMNPRSTVWXY123456789],3
15,414,.....15..[GHJKLMNPRSTVWXY123456789],4
15,414,.....1A..[AB],3
15,414,.....1E..[AB],3
15,414,.....1F..[AB],4
15,414,.....44..[23456789],3
15,414,.....45..[23456789],4
15,414,.....4E..[AB],3
15,414,.....4F..[AB],4
15,511,.........[GHJKLMNPRSTVWX],1
15,511,.........[Y1234567],6
15,511,......[345]..[89],6
15,511,......[78]..[89],5
15,511,....P2[DEFL]..[^123456789],6
15,511,....P2[HJKM]..[^123456789],5
15,512,,1
15,512,,4
15,514,.........[^BCDEFGHJKLMNPRSTVWXY1],7
15,514,.........[BCDEFGHJKLMNPRSTV],1
15,559,,1
15,626,,3
15,635,,6
15,751,,1
15,841,,1
15,841,....A,3
15,853,.F,1
15,921,......[3579]..[VWXY123456789],3
15,921,......[4680]..[VWXY123456789],4
15,921,......[AGJ]..[ABCDE],4
16,375,,1
15,921,......[AJM]..[^VWXY123456789ABCDE],4
15,921,......[FHK]..[ABCDE],3
15,921,......[HKL]..[^VWXY123456789ABCDE],3
15,952,,1
15,972,,3
15,985,......[02]..X,3
15,985,......[13]..X,4
15,985,......5..V,3
15,985,......6..V,4
15,986,......7,3
15,986,......8,4
15,1034,......6,3
15,1034,......7,4
15,1035,......6,3
15,1035,......7,4
15,1041,,6
15,1044,....U4[024]..[^BCDEFGHJKLMNPRSTVWX],3
15,1044,....U4[135]..[^BCDEFGHJKLMNPRSTVWX],4
15,1154,....U0...[^123456789ABC],6
15,1154,....U0...[3456789ABC],3
15,1154,....U0[13]..[12],3
15,1154,....U0[24]..[12],4
15,1154,....U9...[^12],4
15,1452,.....6...[12345],3
15,1452,.....7...[12345],4
15,1452,....U2...[^1234567],5
15,1452,....U3...[^12345],3
15,1452,....U5...[^12345],4
15,1453,.....6,3
15,1453,.....7,4
15,1477,,3
15,1548,,6
15,1557,,1
15,1584,......7,3
15,1584,......8,4
15,1585,......2,3
15,1585,......4,4
15,1633,......5..[56],3
15,1633,......6..[56],4
15,1633,.....49..[789],3
15,1633,.....4K..[^56789],3
15,1633,.....59..[789],4
15,1633,.....5K..[^56789],4
15,1677,,7
15,1696,......[123],6
15,1696,......[456],5
15,1700,....P2[345],6
15,1700,....P2[678],5
15,1849,,1
15,1850,,1
15,1856,,1
15,1857,,1
15,1858,,1
15,1906,,1
15,1950,......[12]..[789],5
15,1950,......[678]..[6789],6
15,1950,......[CD]..[ABCD],5
15,1950,......[DT]..[^6789ABCD],5
15,1950,......[GHJKLN]..[ABCD],6
15,1950,......[GHK]..[^6789ABCD],6
15,2098,.....3,6
15,2098,.....4,5
15,2155,......[068]..[789],4
15,2155,......[579]..[789],3
15,2155,......[AGJ]..[ABCDE],4
15,2155,......[AJM]..[^789ABCDE],4
15,2155,......[FHK]..[ABCDE],3
15,2155,......[HKL]..[^789ABCDE],3
15,2182,......[680]..[789],4
15,2182,......[AGJ]..[^789],4
15,2221,......2..[89],3
15,2221,......3..[89],4
15,2221,......C..[A],3
15,2221,......D..[ABCDE],4
15,2246,......[237],6
15,2246,......[568],5
15,2290,.....5,6
15,2290,.....6,5
15,2356,,6
15,2568,,6
15,2569,,6
15,2570,,6
15,2591,,6
15,2676,......A..[^123456789ABCDE],3
15,2676,......B..[^123456789ABCDE],4
15,2677,......[AC]..[^123456789ABCDE],3
15,2677,......[BD]..[^123456789ABCDE],4
15,2678,......D..[^123456789ABCDE],4
15,2679,......C..[^123456789ABCDE],3
15,2679,......E..[^123456789ABCDE],4
15,2687,,7
15,2688,,7
15,2689,,7
15,2690,,7
16,104,,1
16,104,,3
16,129,,1
16,129,,3
16,131,,1
16,131,,3
16,132,,3
16,134,,1
16,134,,3
16,135,,3
16,142,,1
16,142,,4
16,143,,1
16,143,,4
16,145,,1
16,145,,4
16,146,,1
16,146,,4
16,148,,1
16,148,,3
16,150,,1
16,150,,3
16,152,,1
16,152,,4
16,269,....[CS],3
16,269,....[KTV],4
16,269,....S,3
16,269,....T,4
16,300,,3
16,337,,1
16,337,,3
16,338,,1
16,338,,3
16,340,,1
16,340,,3
16,341,,1
16,341,,3
16,343,,1
16,343,,3
16,344,,1
16,344,,3
16,356,,1
16,356,,4
16,357,,1
16,357,,4
16,359,,1
16,359,,4
16,360,,1
16,360,,4
16,362,,1
16,362,,4
16,363,,1
16,363,,4
16,365,,1
16,365,,3
16,367,,1
16,367,,3
16,369,,1
16,369,,3
16,371,,1
16,371,,4
16,373,,1
16,373,,4
16,374,,4
16,375,,4
16,397,,3
16,398,,3
16,399,,3
16,400,,3
16,424,,1
16,424,....S,3
16,424,....T,4
16,425,,1
16,425,....S,3
16,425,....T,4
16,439,,1
16,439,....L....[^BCDEFGHJKLMNPRSTVWXY],5
16,439,....L....[LMNPRSTVWXY],4
16,439,....M,3
16,459,....S,3
16,459,....T,4
16,485,,1
16,485,,3
16,487,,1
16,487,,3
16,489,,1
16,489,,4
16,491,,1
16,491,,4
16,493,,1
16,493,,3
16,495,,1
16,495,,3
16,497,,1
16,497,,4
16,499,,1
16,499,,4
16,520,,3
16,520,,4
16,533,,3
16,534,,3
16,535,,3
16,536,,3
16,556,....1.[^0123456789]..[^123456789A],3
16,556,....2.[^0123456789]..[^123456789A],4
16,556,....C....[STVWXY123456789A],3
16,556,....K....[NPRSTVWXY123456789A],4
16,718,,1
16,718,,3
16,719,,1
16,719,,3
16,720,,4
16,721,,4
16,803,,3
16,804,,3
16,805,,4
16,806,,4
16,889,,3
16,890,,3
16,891,,3
16,963,,3
16,965,,3
16,1003,.........[WXY],4
16,1003,....S....[^WXY1],3
16,1003,....T....[^WXY1],4
16,1024,,3
16,1025,,3
16,1026,,4
16,1027,,4
16,1067,,3
16,1068,,3
16,1069,,4
16,1070,,4
16,1120,.........[1234567],5
16,1120,.........Y,4
16,1120,....1.[^0123456789]..[^123456789A],3
16,1120,....2.[^0123456789]..[^123456789ABCDE],4
16,1120,....2.[^0123456789]..[BCDE],5
16,1120,....C....[89A],3
16,1120,....K....[89A],5
16,1168,....[2]....[^123456789ABCDE],4
16,1168,....[C1]....[^1234567],3
16,1168,....[K2]....[123456789ABCDE],5
16,1196,,3
16,1197,,3
16,1198,,3
16,1200,,4
16,1201,,4
16,1202,,4
16,1203,,3
16,1204,,3
16,1205,,4
16,1208,,3
16,1213,,5
16,1214,,4
16,1292,,3
16,1294,....K,4
16,1319,,5
16,1384,....S,3
16,1384,....T,4
16,1455,,5
16,1456,,5
16,1608,....S,3
16,1608,....T,4
16,1626,....5....[^456789ABCDE],3
16,1626,....5....[BC],3
16,1626,....6....[^456789ABCDE],4
16,1626,....6....[BC],4
16,1626,....S....[456789A],3
16,1626,....T....[456789A],4
16,1853,,1
16,1862,,1
16,1863,,1
16,1885,,1
16,1907,,1
16,2048,....1....[^123456789ABCDE],3
16,2048,....2....[^123456789ABCDE],4
16,2125,....C....[7],3
16,2126,,3
16,2127,....C,3
16,2128,....C,3
16,2129,....K,4
16,2130,....K,4
16,2132,,5
16,2133,....K,4
16,2134,....K,4
16,2160,....R,6
16,2160,....V,5
16,2239,,3
16,2260,,3
16,2261,,4
16,2366,.....[BDFH]...A,6
16,2366,.....[CEGJ]...A,5
16,2366,.....[MRST]...[^ABCD],6
16,2366,.....[MSUW]...[BCD],6
16,2366,.....[RTVX]...[BCD],5
16,2366,.....[VWXY]...[^ABCD],5
16,2599,.....U...[^ABCD],6
16,2599,.....Y...[D],6
16,2599,.....Z...[^ABC],5
16,2671,....1.[^0123456789]..[^123456789ABCDE],3
16,2671,....2.[^0123456789]..[^123456789ABCDE],4
16,2672,....1.[^0123456789]..[^789ABCDE],3
16,2672,....2.[^0123456789]..[^789ABCDE],4
16,2673,....1.[^0123456789]..[^123456789ABCDE],3
16,2673,....2.[^0123456789]..[^123456789ABCDE],4
16,2674,....1.[^0123456789]..[^789ABCDE],3
16,2674,....2.[^0123456789]..[^789ABCDE],4
16,2697,....R....[^123456789ABCDE],6
16,2697,....V....[^123456789ABCDE],5
16,2709,,3
16,2710,,3
16,2718,....1,3
16,2718,....2,4
17,310,,1
17,384,,1
17,460,,1
17,475,,1
17,520,....E,3
17,520,....J,4
18,78,......[^1234567890]..[^JKLMNPRSTVWXY123456789],6
18,78,......[1234567890]..[3456789],6
18,78,......[1234567890]..[ABCDEFGHJKLMNPRSTVWXY12],1
18,158,......[^0123456789]..[^JKLMNPRSTVWXY123456789],6
18,158,......[0123456789]..[123456789],6
18,158,......[0123456789]..[ABCDEFGHJKLMNPRSTVWXY],1
18,158,......[0123456789]..[JKL],4
18,159,,1
18,381,,1
18,759,,1
18,760,,1
18,765,,1
18,766,,1
18,767,,1
18,768,,1
18,769,,1
18,770,,1
18,792,,1
18,793,,1
18,840,....[GK]....[RSTVWX],3
18,840,....[MY]....[RSTVWX],4
18,840,...C.....[^BCDEFGHJKLMNPRSTVWX],3
18,840,...D.....[^BCDEFGHJKLMNPRSTVWX],4
18,868,......[0123456789]..[STVWXY123456789],3
18,868,......H..[^Y123456789],3
18,938,.....1...[VWXY1],4
18,938,.....2...[WXY1],3
18,938,.....3[0123456789]..[789],3
18,938,.....3H..[^Y123456789AB],6
18,938,.....3H..[AB],3
18,938,.....4[0123456789]..[789],4
18,938,.....4H..[^Y123456789AB],5
18,938,.....4H..[AB],4
18,938,.....6...[23456],3
18,938,.....7...[23456],4
18,1057,,7
18,1139,......[34]..[Y123456],6
18,1139,......H..[^Y123456789],6
18,1434,......8..[345],5
18,1434,.....18..[678],5
18,1434,.....28..[678],3
18,1434,.....38..9,3
18,1434,.....3H..[^Y123456789],3
18,1434,.....48..9,5
18,1434,.....4H..[^Y123456789],5
18,1461,.....1[78]..[3456789],3
18,1461,.....1H..[^JKLMNPRSTVWXY123456789],3
18,1461,.....2[78]..[3456789],5
18,1461,.....2H..[^JKLMNPRSTVWXY123456789],5
18,1624,......[78]..[789],6
18,1624,......[GH]..[^Y123456789],6
18,1869,,1
18,1870,,1
18,1874,,1
18,1879,,1
18,1913,......6..[6789],4
18,1913,......F..[^Y123456789AB],5
18,1913,......F..[AB],4
18,1915,,1
18,1916,,1
18,1917,,1
18,1918,,1
18,1922,,1
18,1923,,1
18,1935,,1
18,1936,,1
18,1936,...RC46[01].[WXY1],1
18,1938,,1
18,1939,,1
18,1941,,1
18,1943,,1
18,1944,,1
18,1945,,1
18,1962,,1
18,1968,,1
18,2021,,1
18,2024,,1
18,2025,,1
18,2026,,1
18,2027,,1
18,2054,,1
18,2062,,1
18,2063,,1
18,2078,,1
18,2079,,1
18,2085,,1
18,2086,,1
18,2087,,1
18,2099,,1
18,2100,,1
18,2105,,1
18,2106,,1
18,2232,,1
18,2279,,1
18,2344,,1
18,2373,,1
18,2386,,1
18,2389,,1
18,2402,.....1H..[AB],6
18,2402,.....2H..[AB],5
18,2416,,1
18,2419,,1
18,2421,,1
18,2423,,1
18,2431,,1
18,2432,,1
18,2435,,1
18,2436,......9..A,1
18,2457,......[CD]..[^Y123456789A],6
18,2465,,1
18,2480,...SC35[01].[VWXY123],1
18,2506,,1
18,2511,.....1H..[^Y123456789AB],6
18,2511,.....2H..[^Y123456789AB],5
18,2511,.....3H..[^123456789AB],6
18,2512,,1
18,2555,,1
18,2557,,1
18,2563,,1
18,2594,,1
18,2597,,1
18,2608,......F..[^ABCD],6
18,2614,,1
18,2623,,1
18,2624,,1
18,2642,,1
18,2647,......F..[^ABCD],6
18,2654,,1
18,2655,,1
18,2658,,1
18,2659,,1
18,2691,,1
18,2696,,1
18,2722,,1
18,2728,,1
19,214,......[^0123456789]..[^MNPRSTVWXY123456789],6
19,214,......[0123456789]..[123456789],6
19,214,.M....[0123456789]..[MNPRSTVWXY],1
19,220,,1
19,445,,1
19,445,.........M,6
19,458,......[0123456789]..[KLMNPRSTVWXY1],1
19,458,......[1234567890]..[23456789],6
19,458,......A..[^Y123456789],6
19,791,,1
19,802,,1
19,864,......[0123456789],1
19,864,......[0123456789]..[RSTVWXY123456789],6
19,864,......[AB]..[^JKLMNPRSTVWXY123456789],6
19,925,.........[VWXY1],1
19,925,......[0123456789]..[TVWX345678],6
19,1182,......2..1,3
19,1182,......3D.1,4
19,1182,.....[18][0123456789]..[23456789],3
19,1182,.....[34]A..[ABC],3
19,1182,.....[34]H..[^123456789ABC],6
19,1182,.....[CD]H..[^123456789ABC],5
19,1182,.....7[0123456789]..[23456789],4
19,1182,.....DA..[ABC],4
19,1215,,6
19,1339,,6
19,1697,.....[18][0123456789]..[56789],3
19,1697,.....3A..[^JKLMNPRSTVWXY123456789],6
19,1697,.....7[0123456789]..[56789],4
19,1697,.....CA..[^JKLMNPRSTVWXY123456789],5
19,1934,......J..[^Y123456789AB],6
19,1934,...F..6..[6789],6
19,1934,...F..D..[AB],6
19,2042,.........[78],6
19,2231,.....1[0123456789]..[789],3
19,2231,.....4C..[^123456789],3
19,2231,.....7[0123456789]..[789],4
19,2231,.....DC..[^123456789],4
19,2313,......[^0123456789]..[^ABCDE],5
19,2313,......[^0123456789]..[^MNPRSTVWXY123456789],7
19,2313,......[0123456789]..9,7
19,2490,......[DJ]..[^Y123456789A],7
19,2521,......A..[^Y123456789AB],6
19,2598,......L..[^ABC],6
19,2603,.....[34]L..[^123456789ABC],6
19,2603,.....[CD]L..[^123456789ABC],5
20,233,,1
20,233,..K,1
20,266,,1
20,293,,1
20,388,,7
20,388,..K,1
20,389,,1
20,884,...C,1
20,935,..R....X.[^BCDEFGHJKLMNPRSTVWXY],3
20,935,..R....Y.[^BCDEFGHJKLMNPRSTVWXY],5
20,935,..R....Y.[VWXY],4
20,1140,...C,1
20,1155,..K,1
20,1174,,1
20,1174,..K,1
20,1306,,6
20,1376,.......E.[345678],7
20,1376,.......F.4,5
20,1435,......1E.[3456789],7
20,1435,......A..A,7
20,1539,......8U.[3456789],3
20,1539,......8W.[3456789],5
20,1539,......MU.[ABC],3
20,1539,......MW.[ABC],5
20,1540,,5
20,1630,......[0123456789]A.[4567],3
20,1630,......[0123456789]C.[456789],4
20,1630,......[0123456789]D.[89],3
20,1630,......NC.[ABCD],4
20,1630,......ND.[ABCD],3
20,1630,......NE.[ABCD],4
20,1630,......NF.[ABCD],3
20,1893,......1E.[6789],7
20,1893,......AP.A,7
20,2003,.......F.[5678],5
20,2004,......1F.[6789],5
20,2004,......A..A,5
20,2256,......[146]E.[89],7
20,2256,......AP.[ABCD],7
20,2256,......EK.[ABCD],7
20,2256,......FE.[ABCD],7
20,2265,......9E.[89],7
20,2265,......9F.[89],5
20,2265,......HP.[ABC],7
20,2265,......HR.[ABC],5
20,2269,......1..[89],5
20,2269,......A..A,5
20,2291,......8W.9,5
20,2291,......M..[^Y123456789],5
20,2337,......[14]F.9,5
20,2337,......AR.[ABCD],5
20,2337,......EL.[ABCD],5
20,2426,......AP.[BCD],7
20,2427,......AR.[BCD],5
20,2428,......AP.[^JKLMNPRSTVWXY123456789A],7
20,2429,......AR.[BCD],5
20,2484,......A..[BC],7
20,2485,......A..[BC],5
20,2500,......A..[CD],7
20,2546,......MM.D,5
20,2546,......MN.D,6
20,2581,......MU.D,3
20,2581,......MW.D,5
20,2582,......HP.D,7
20,2582,......HR.D,5
20,2612,......AP.[^ABCD],7
20,2612,......AR.[^ABCD],5
20,2639,......MM.[^ABCD],5
20,2639,......MN.[^ABCD],6
20,2640,......MM.[^ABCD],5
20,2640,......MN.[^ABCD],6
20,2643,......MU.[^ABCD],7
20,2643,......MW.[^ABCD],5
20,2648,......AP.[^ABCD],7
20,2648,......AR.[^ABCD],5
20,2649,......EK.[^ABCD],7
20,2649,......EL.[^ABCD],5
20,2649,......FE.[^ABCD],7
20,2650,......HP.[^ABCD],7
20,2650,......HR.[^ABCD],5
20,2652,......N[CE].[^ABCD],5
20,2652,......N[DF].[^ABCD],7
20,2661,......AP.[^ABCD],7
20,2661,......AR.[^ABCD],5
20,2662,......AP.[^ABCD],7
21,84,,1
21,84,....[GL]....[KLMNPR],3
21,84,....[RY]....[KLMNPR],4
21,84,....K....[WXY],3
21,84,....M....[WXY],4
21,258,,1
21,262,,1
21,335,,1
21,335,....L,3
21,335,....R,4
21,421,....G....[MNPRS],3
21,421,....K....[STVWXY1234],3
21,421,....M....[STVWXY1234],4
21,421,....Y....[MNPRS],4
21,482,,1
21,525,....[JH],4
21,525,....S,3
21,526,,1
21,526,,4
21,788,,1
21,886,....[ES],3
21,886,....[JT],4
21,887,,3
21,1039,....N,4
21,1248,....E,3
21,1248,....F,4
21,1250,....K,3
21,1250,....M,4
21,1436,....S,3
21,1436,....T,4
21,2120,,3
21,2121,....S,3
21,2121,....T,4
21,2122,,3
21,2123,,4
22,548,,1
22,549,,1
22,550,,1
22,551,,1
22,552,,1
22,861,,1
22,861,.........[456789],7
22,861,......E..[^ABCD],7
22,927,,7
22,995,,1
22,995,.........[456789],7
22,998,,1
22,998,.........[456789],7
22,1045,,7
22,1071,......[0123456789]..[Y123456789],7
22,1071,......[DE]..[^Y123456789],7
22,1071,......[FG]..[^Y123456789ABC],7
22,1134,,1
22,1256,,1
22,1256,.........[56789],7
22,1295,,5
22,1370,.........[23],1
22,1371,.........[23],1
22,1371,.........[56789],7
22,2059,......[34]..[789],7
22,2059,......[DE]..[^Y123456789ABC],7
22,2059,......[FG]..[^Y123456789],7
22,2284,......[567]..9,7
22,2284,......[FGH]..[ABC],7
22,2284,....A.[EH]..[^Y123456789ABC],7
22,2284,....J.E..[^123456789ABC],5
22,2363,......J..[^123456789],7
22,2375,......C..[BC],7
22,2375,....A.C..[^Y123456789ABC],7
22,2375,....J.C..[^Y123456789ABC],5
22,2379,......G..[BC],7
22,2380,......G..[^Y123456789A],7
22,2380,......H..[^Y123456789ABC],7
22,2381,......G..[^Y123456789A],7
22,2381,......K..[^Y123456789ABC],7
22,2382,......F..[^Y123456789ABC],7
22,2382,......J..[^Y123456789A],7
22,2383,......G..[^Y123456789ABC],7
22,2383,......J..[^Y123456789A],7
22,2529,......H..[^Y123456789AB],7
22,2529,......J..[^Y123456789AB],7
22,2562,......K..[^Y123456789ABC],7
22,2588,....A.G..[^Y123456789ABC],7
22,2588,....J.G..[^Y123456789ABC],5
22,2602,......[EFG]..[^ABCD],7
22,2618,....A.K..[^123456789ABC],7
22,2660,......E..[^ABCD],7
23,102,,1
23,102,,4
23,103,,1
23,103,,4
23,124,.........[A],1
23,124,......[34]..[GHJ],3
23,124,......[6789]..[BCDEFGHJK],4
23,124,....[BT]....[KLMNPRSTVWXY1],3
23,124,....[FN]....[XY1],4
23,124,....[JN]....[KLMNPRSTVW],4
23,124,..4.JL[^0123456789]..[^123456789ABCD],6
23,124,..4.JM[^0123456789]..[^123456789ABCD],4
23,166,,1
23,166,......[35]..[GHJ],4
23,166,......[46]..[GHJ],3
23,166,....J....[KLMN],4
23,166,....T....[KLMN],3
23,253,....[WX]....[PRSTVW],3
23,253,....2....[XY],3
23,253,....JE...[^PRSTVWXY123456789AB],3
23,253,....JF...[^PRSTVWXY123456789AB],4
23,253,....R....[56789AB],4
23,253,....S....[56789AB],3
23,253,....W....[XY1234],4
23,253,....X....[1234],3
23,253,....Z....[PRSTVW],4
23,255,,1
23,255,,4
23,353,,1
23,353,,4
23,354,,1
23,354,,4
23,446,,1
23,446,,4
23,545,,1
23,545,,4
23,546,.........[GHJKLMNPRSTVWXY123456],4
23,546,....A....[789AB],4
23,546,....B....[789A],3
23,546,....JW[ABCDEF]..[^123456789AB],4
23,1285,....JL...[^23456789AB],3
23,1285,....JM...[^23456789AB],4
23,1285,....K....[234567],3
23,1285,....L....[234567],4
23,1285,....N....[89AB],4
23,1285,....P....[89AB],3
23,1317,,4
23,1959,....G,4
23,1959,....H,3
23,2136,....F....[789AB],4
23,2136,....JC...[^789AB],3
23,2136,....JD...[^789AB],4
23,2136,....T....[789AB],3
23,2170,....F....[789AB],4
23,2170,....JP...[^123456789AB],3
23,2170,....JR...[^123456789AB],4
23,2170,....T....[789AB],3
24,94,,1
24,557,,1
25,203,,1
25,204,.........[^NPRSTVWXY1],6
25,204,.........[NPRSTVWXY1],1
25,238,...[BJ],1
25,238,...B,7
25,238,...C,5
25,274,...[BU][FH][12]...[LMNPRSTVWXY],1
25,428,...[CJ],1
25,429,,1
25,907,,4
25,960,...G,3
25,960,...H.....[^XY],5
25,960,...H.....[XY],4
25,973,...BH6,7
25,999,...HT....[^WXY],5
25,999,.T.......[WXY],4
25,1060,,7
25,1244,,7
25,1245,,7
25,1268,......[^0123456789]..A,7
25,1268,......[0123456789]..[23456789],7
25,1438,.........[3456789],5
25,1541,...G,3
25,1541,...H,5
25,1611,,6
25,1780,...G.....[678],3
25,1780,...H.....[678],5
25,1978,...B..6..[6789],7
25,1978,...B..C..[ABCD],7
25,1978,...B..D..[^ABCD],7
25,1978,...C..6..[6789],5
25,1978,...C..C..[ABCD],5
25,1978,...C..D..[^ABCD],5
25,1979,......6..[6789],7
25,1979,...B..C..[ABCD],7
25,1979,...B..D..[^ABCD],7
25,1979,...C..C..[BCD],5
25,1979,...C..D..[^ABCD],5
25,2050,......6..[789],6
25,2050,......E..[ABC],6
25,2050,......G..[^Y123456789ABC],6
25,2058,...B..B..[^Y123456789],5
25,2058,...G..1..[789],3
25,2058,...H..1..[789],5
25,2058,...Z..B..[^Y123456789],3
25,2065,......6..[789],7
25,2065,......B..[^Y123456789ABC],7
25,2065,......K..[AB],7
25,2162,...[BG]..6..[789],7
25,2162,...[BG]..E..[^Y123456789],7
25,2162,...[CD]..6..[9],5
25,2162,...[CD]..E..[^Y123456789],5
25,2163,...B..6..[789],7
25,2163,...B..B..[^Y123456789ABC],7
25,2163,...B..K..[AB],7
25,2163,...C..6..[789],5
25,2163,...C..B..[^Y123456789ABC],5
25,2163,...C..K..[AB],5
25,2248,......6..[89],5
25,2248,......E..[^Y123456789],5
25,2249,......0..[89],5
25,2249,......A..[^Y123456789C],5
25,2264,......6..[89],7
25,2264,......K..[AB],7
27,816,......[37]..[RSTVWXY123456789],4
27,816,......H..[A],4
27,854,...T,1
27,996,,3
27,1153,......[68]..[12],4
27,1153,......[79]..[12],3
27,1153,.....0[0123456789]..[3456789],3
27,1153,.....0[CG]..[^EFGHJKLMNPRSTVWXY123456789],3
27,1153,.....9[0123456789]..[3456789],4
27,1153,.....9[CG]..[^EFGHJKLMNPRSTVWXY123456789],4
27,1383,,6
27,1439,.......[CD].[345678],6
27,1439,.......L.[67],5
27,1439,......[0123456789][ABH].9,6
27,1439,......[ABCDE][ABH].[ABCD],6
27,1439,......[STUVWX]..[^ABCD],6
27,1537,......[CRST]..[^JKLMNPRSTVWXY123456789],7
27,1537,......7..[456789],7
27,1614,......[24]..[456789],6
27,1614,......[HJKLMNSTUVWX]..[^Y123456789],6
27,1614,DELETE......[HJKLMNSTUVWX]..[^ABCD],6
27,1954,......[BCD]..[^Y123456789AB],6
27,1954,......9..[6789],6
27,1954,......W..A,6
27,1971,......[0123456789]..[6789],7
27,1971,......[EFGHJKLMNPRS]..[^Y123456789],7
27,2038,.....2[ABCD]..[BC],6
27,2038,.....2[MW]..A,6
27,2038,.....4[CD]..[BC],5
27,2038,.....4[MW]..A,5
27,2038,...ER29..[789],5
27,2038,...ER29..[789],6
27,2092,.....2[ABCDEM]..[^Y123456789A],6
27,2092,.....28..[789],6
27,2092,.....2M..A,6
27,2092,.....3[ABCDEM]..[^Y123456789A],5
27,2092,.....38..[789],5
27,2092,.....3M..A,5
27,2287,.....4...[^BCDEFGHJKLMNPRSTVWXY1234567],3
27,2287,.....5...[^BCDEFGHJKLMNPRSTVWXY1234567],4
27,2443,......[KL]..[^Y123456789AB],6
27,2443,......H..[^ABCD],6
27,2443,......H..B,6
27,2531,.....2[ABCDEW]..[^Y123456789ABC],6
27,2531,.....4[ABCDEW]..[^Y123456789ABC],5
28,5,,1
28,11,,1
28,16,,1
28,20,,1
28,22,,1
28,22,,4
28,30,,1
28,31,,1
28,32,,1
28,35,,1
28,37,,1
28,47,,1
28,48,,1
28,752,,1
28,753,,1
28,753,.....54..[^RSTVWXY12345],7
28,753,.....92..[^RSTVWXY12345],5
28,754,,1
28,754,.....70..[^BCDEFGHJKLMNPRSTVWXY12],7
28,754,.....83..[^BCDEFGHJKLMNPRSTVWXY123],5
28,756,.........[^RSTVWXY12],7
28,756,.........[RSTVWXY12],1
28,757,......[67]..[456789],7
28,1781,......K..[^Y123456789],7
28,1782,......9..[56789],7
28,1782,......K..[^Y123456789ABC],7
28,1782,......K..[AB],7
28,1784,......D..A,7
28,1784,......F..[^Y123456789AB],7
28,1784,...WK73..[56789],7
28,1786,,7
28,1871,,7
28,1890,,7
28,1891,,7
28,1914,......J..[^Y123456789AB],5
28,1914,......K..[^Y123456789AB],7
28,1914,.....56..[6789],7
28,1914,.....5G..[AB],7
28,1914,.....87..[6789],5
28,1914,.....8H..[AB],5
28,1924,......9..[6789],7
28,1924,......K..[^ABCDE],7
28,1924,......K..[ABCD],7
28,1925,,7
28,1948,......H..[^Y123456789AB],7
28,1948,......J..[^Y123456789AB],5
28,1948,.....56..[6789],7
28,1948,.....5G..[AB],7
28,1948,.....87..[6789],5
28,1948,.....8H..[AB],5
28,1973,,7
28,1974,...CB56..8,3
28,1974,...CB5H..[^JKLMNPRSTVWXY123456789AB],5
28,1974,...CB65..[6789],5
28,1974,...CB6F..[AB],5
28,1975,,5
28,1976,,7
28,2022,......[34]..[6789],6
28,2022,......[DE]..[AB],6
28,2037,......C..[^ABCD],7
28,2037,......F..[^ABCD],5
28,2037,.....71..[789],7
28,2037,.....7B..[AB],7
28,2037,.....7D..[CD],7
28,2037,.....86..[789],5
28,2037,.....8G..[AB],5
28,2037,.....9E..[CD],5
28,2041,......1..[789],5
28,2041,......B..[ABC],5
28,2041,......C..[^Y123456789ABC],5
28,2051,......7..[789],5
28,2051,......E..[^Y123456789AB],5
28,2051,......H..[AB],5
28,2052,,5
28,2088,......1..[789],7
28,2088,......B..[ABC],7
28,2088,......D..[^Y123456789ABC],7
28,2139,......7..[789],7
28,2139,......C..[^Y123456789ABCD],5
28,2139,......E..[CD],7
28,2139,......G..[^Y123456789ABCD],5
28,2139,......H..[AB],7
28,2140,......2..[789],7
28,2140,......B..[^Y123456789AB],5
28,2140,......C..[AB],7
28,2140,......D..[^Y123456789AB],7
28,2141,,7
28,2142,,7
28,2143,,5
28,2144,,5
28,2145,.....7C..[AB],7
28,2145,.....7D..[^Y123456789AB],7
28,2145,.....9A..[AB],5
28,2145,.....9B..[^Y123456789AB],5
28,2145,...UF72..[789],7
28,2145,...UF90..[789],5
28,2146,......7..[789],7
28,2146,......C..[^ABCD],5
28,2146,......G..[^ABCD],5
28,2146,......H..[AB],7
28,2146,....[FH].E..[CD],7
28,2179,......1..[78],7
28,2179,......6..9,5
28,2179,......E..[^Y123456789A],5
28,2179,......G..A,5
28,2202,.........[^RTSTVWXY123456],7
28,2223,.........7,5
28,2229,,5
28,2237,......7..[89],7
28,2237,......E..[^Y123456789A],7
28,2237,......H..A,7
28,2252,.........[89],5
28,2252,......B..[^AB],5
28,2253,......7..[89],7
28,2253,......E..[BCD],7
28,2253,......H..A,7
28,2253,......J..[^ABCD],5
28,2254,......2..[89],5
28,2254,......C..[AB],5
28,2254,......D..[^Y123456789AB],5
28,2255,......A..[^Y123456789ABC],5
28,2255,.....54..[89],7
28,2255,.....5E..[AB],7
28,2255,.....81..[89],5
28,2255,.....8B..[ABC],5
28,2262,......6..[89],5
28,2262,......D..[^Y123456789ABC],5
28,2262,......G..[ABC],5
28,2273,......4..[89],5
28,2273,......E..[AB],5
28,2275,......7..[89],7
28,2275,......H..[^Y123456789],7
28,2306,......0..9,7
28,2306,......A..[ABC],7
28,2306,......E..[^Y123456789ABC],7
28,2307,......4..9,7
28,2307,......E..[AB],7
28,2345,,5
28,2346,.........9,5
28,2347,,5
28,2348,......7..9,4
28,2348,......H..[^Y123456789],4
28,2349,.....5G..[ABC],7
28,2349,.....5H..[^Y123456789ABC],7
28,2349,.....8H..[ABC],5
28,2349,.....8J..[^Y123456789ABC],5
28,2355,......E..[^Y123456789ABC],5
28,2355,......F..[ABC],5
28,2370,......E..[^Y123456789],7
28,2384,......C..[AB],7
28,2384,......F..[ABC],5
28,2384,......H..[^Y123456789AB],7
28,2388,......F..[^123456789],7
28,2390,......F..[^Y123456789],5
28,2391,......E..[^Y123456789AB],5
28,2391,......F..[AB],5
28,2395,......F..[^DEFGHJKLMNPRSTVWXY123456789],5
28,2433,......[CD]..[^Y123456789],7
28,2434,......[CD]..[^Y123456789],7
28,2456,......H..[BC],7
28,2456,......J..[^Y123456789ABC],7
28,2524,......D..[^Y123456789AB],5
28,2538,......H..[^Y123456789AB],7
28,2566,......E..[^ABC],6
28,2567,......D..[^Y123456789ABC],5
28,2586,......E..[^Y123456789ABC],5
31,939,....S,3
31,939,....T....[^BCDEFGHJKLMNPRSTVWXY1],5
31,939,....T....[VWXY1],4
31,1302,......6..[23456789],6
31,1302,......6V.[9],5
31,1302,......F..[^Y123456789],6
31,1302,......FV.[^Y123456789],5
31,1302,....V2FW.[^Y123456789AB],5
31,1441,....D.A..[^ABCD],6
31,1441,....S.1..[789],3
31,1441,....S.A..[ABCD],3
31,1441,....T.1..[789],4
31,1441,....T.A..[ABCD],4
31,1441,....X[348]1..[3456],3
31,1441,....Z.A..[^ABCD],5
31,1441,....Z[348]1..[3456],5
31,1546,....M.1..[45678],6
31,1546,....M.A..[AB],6
31,1546,....N.1..[45678],5
31,1546,....N.A..[AB],5
31,1551,......6..[3456],5
31,1551,......6..[89],5
31,1551,......F..[^Y123456789],5
31,1573,......[0123456789]..[469],6
31,1573,......HU.[^Y123456789A],6
31,1573,......HV.[AB],5
31,1573,......HW.[^Y123456789],6
31,2001,....C,3
31,2001,....T,4
31,2487,....P.A..[^Y123456789A],6
31,2487,....R.A..[^Y123456789A],5
31,2488,....H.A..[^JKLMNPRSTVWXY123456789A],6
31,2488,....J.A..[^JKLMNPRSTVWXY123456789A],5
31,2523,......H..[^Y123456789AB],7
32,9,,1
32,10,,1
32,12,,1
32,21,,1
32,24,,1
32,25,,1
32,41,,1
32,61,,1
32,83,,1
32,83,......[14]..[23456789],6
32,83,......[EA]..[ABCD],6
32,83,......A..[^JKLMNPRSTVWXY123456789ABCD],6
32,88,.......[JY],4
32,88,.......[PS],3
32,129,,1
32,129,,3
32,308,......[15]..[456789],6
32,308,......[15]..[CDEFGHJKLMNPRSTVWXY123],1
32,308,......A..[^JKLMNPRSTVWXY123456789],6
32,321,,1
32,333,......[456789][ST].[KLMNPRSTVWXY],3
32,333,......[456789]B.[89],4
32,333,......[456789]W.[567],4
32,333,......[456789]X.[1234],3
32,333,......[456789]Y.[1234],5
32,333,......[456789]Y.[HJKLMNPRSTVWXY1234],4
32,333,......[789]U.[456789],3
32,333,......8A.[89],3
32,333,......MM.[^Y123456789ABC],4
32,333,......MN.[^Y123456789ABC],3
32,333,......NB.[ABC],4
32,333,......NN.[ABC],3
32,335,,1
32,335,.......H.[BCDEFGHJKLM],3
32,335,.......S,3
32,335,.......Y,4
32,387,,1
32,392,......[0123456789]..[456789],6
32,392,......[0123456789]..[PRSTVWXY12],3
32,392,......K..[^Y123456789A],6
32,447,......[12456]..[BCDEFG],1
32,447,......[12456]..[HJK],1
32,447,......[12456]..[LMNPRSTVWX],1
32,447,......[12456]..[PRSTVWXY123456789],6
32,447,......[12456]..H,3
32,447,......[12456]..L,4
32,447,......[12456]Y.[HJK],4
32,447,......A..[^Y123456789],6
32,469,,1
32,469,,4
32,531,,1
32,531,,3
32,594,,1
32,783,......[34],1
32,783,......C..[^ABCDE],6
32,794,,1
32,989,.......[STX].[WXY1234],3
32,989,.......Y.[WXY1234],4
32,989,......[679]T.[56789],3
32,989,......[679]U.[56789],3
32,989,......[679]W.[56789],4
32,989,......[CEF]R.[^Y123456789],3
32,989,......[CEF]T.[^Y123456789],3
32,989,......[CEF]U.[^Y123456789],3
32,989,......[CEF]V.[^Y123456789],4
32,989,......[CEF]W.[^Y123456789],4
32,1046,......8T.[Y1234],3
32,1046,......8U.[56789],3
32,1046,......8W.[56789],4
32,1046,......8Y.[Y1234],4
32,1046,......NU.[^Y123456789],3
32,1046,......NW.[^Y123456789],4
32,1425,,7
32,1429,.......T.[34567],3
32,1429,......8U.[89],3
32,1429,......8W.[3456789],5
32,1429,......FY.[^Y123456789A],5
32,1429,......MU.[^Y123456789],3
32,1429,......MW.[^Y123456789],5
32,1571,.......A,3
32,1571,.......B,4
32,1572,......[67][ADEG].[89],3
32,1572,......[67][CF].[89],4
32,1572,......[67]A.[4567],3
32,1572,......[67]B.[4567],4
32,1572,......[EFC][ADHK].[^JKLMNPRSTVWXY123456789],3
32,1572,......[EFC][CJ].[^JKLMNPRSTVWXY123456789],4
32,1810,,1
32,1810,,4
32,1810,,5
32,1810,,6
32,1825,......8A.[56789],3
32,1825,......8B.[564789],4
32,1825,......8C.[56789],4
32,1825,......8D.[89],3
32,1825,......N9.[^Y123456789A],3
32,1825,......NC.[^Y123456789],4
32,1825,......ND.[^Y123456789],3
32,1825,......NE.[^XY123456789],4
32,1825,......NF.[^Y123456789],3
32,2096,......[13]..[789],6
32,2096,......[AC]..[^Y123456789],6
32,2243,......8T.[89],6
35,541,....K....[NPRS],4
35,541,....P....[^BCDEFGHJKLMNPRS],3
35,541,....P....M,4
35,541,....T....[^BCDEFGHJKLMNPRS],4
35,542,,1
35,542,,3
35,543,,1
35,544,,1
35,630,,1
35,772,,1
35,773,,1
35,855,,1
35,882,,1
35,941,,1
35,943,,1
36,2,,1
36,7,,1
36,8,,1
36,49,,1
36,49,,4
36,96,.........[^BCDEFGHJKLM],6
36,96,.........[BCDEFGHJKLM],1
36,114,,1
36,226,,1
36,228,,1
36,249,.........[^BCDEFGHJKLMNPRSTVW],6
36,249,.........[BCDEFGHJKLMNPRSTVW],1
36,251,.........[^BCDEFGHJKLMNPRSTVWXY123],6
36,251,.........[BCDEFGHJKLMNPRSTVWXY123],1
36,265,,1
36,283,,1
36,329,,1
36,334,,1
36,439,,1
36,439,,3
36,439,.........[^FGHJKLMNPRSTVWXY],5
36,439,.........[FGHJKLMNPRSTVWXY],4
36,501,,1
36,506,,1
36,523,,1
36,523,,3
36,644,,1
36,758,,1
36,776,,1
36,781,,1
36,788,,1
36,807,,1
36,808,,5
36,808,,6
36,835,....E,3
36,835,....J,4
36,858,,6
36,1013,.........5,3
36,1013,.......E.[XY1],3
36,1013,....[UX]....[234],3
36,1013,....V....[234],5
36,1157,....A,3
36,1157,....B,5
36,1218,,7
36,1330,,1
36,1372,...S[LN]....[345678],6
36,1372,...S[LNPR]....[^345678],6
36,1372,...SM....[^345678],5
36,1372,...SM....[3456],5
36,1675,,6
36,1676,,6
36,1704,,6
36,1881,....[UV],6
36,1881,....X,5
36,1902,.....[35]...[^67],6
36,1902,.....[467]...[^67],5
36,1902,.....6...[67],6
36,1902,.....7...[67],5
36,1931,,7
36,2095,,6
36,2124,,6
36,2251,,7
36,2316,,6
36,2335,,6
37,68,......9..[LMNPRS],4
37,68,......9..[XY123456789],5
37,68,....[AB].A..[^ABC],7
37,68,....[ABC].A..[ABC],7
37,68,....[ABD].A..[^Y123456789],5
37,68,....[AC].9..[TVW],4
37,68,....A.9..[TVW],3
37,68,....C.A..[^ABCD],7
37,68,...[ABC]..9..[XY123456789],7
37,68,.P0...9..[BCDEFGHJKLMNPRSTVW],1
37,69,,1
37,70,,1
37,73,,1
37,75,,1
37,933,......9..[VWXY123456789],7
37,933,......A..[^Y123456789],7
37,1445,......9..[3456789],5
37,1445,......A..[^Y123456789],5
37,1977,......9..[6789],7
37,1977,......A..[^Y123456789D],7
37,2369,......A..[^Y123456789],5
37,2369,......A..[^Y123456789],7
37,2572,......A..[^Y123456789A],5
38,413,......[0123456789]..[6789],5
38,413,......[0123456789][48].[HJKLMNPRSTVWXY12345],4
38,413,......[DE]..[ABCD],5
38,413,......[ETVW]..[^ABCD],5
38,817,,4
38,848,...[JT],4
38,1254,...N,5
38,1779,.........[56789],4
38,1894,......[35]..[6789],5
38,1894,......[DE]..[ABCD],5
38,1894,......[ETVW]..[^ABCD],5
38,2135,......[0123456789]..[89],5
38,2135,......B..[^123456789],5
38,2372,......D..[ABCD],5
38,2372,......V..[^ABCD],5
38,2518,......B..[^Y123456789AB],5
39,4,,1
39,232,,1
39,282,,1
39,466,,1
39,795,,1
40,66,,1
40,67,,1
40,1004,......[0123456789]..[XY123456789],6
40,1004,......A..[^DEFGHJKLMNPRSTVWXY123456789A],6
40,1004,......B..[^DEFGHJKLMNPRSTVWXY123456789],5
40,1004,......M..[^DEFGHJKLMNPRSTVWXY123456789A],6
40,1006,......[0123456789]..[4567],6
40,1006,......[169]..[89],6
40,1006,......[27]..[89],5
40,1006,......[BN]..[AB],5
40,1006,......[CM]Y.[AB],6
40,1006,......A..B,6
40,1006,.....4[0123456789]..[3],6
40,1006,.....7[0123456789]..[3],1
40,1006,.S3...[0123456789]..[XY12],1
40,1673,,5
40,1868,......[0123456789]..[56789],5
40,2451,......[BN]..[AB],5
40,2504,.....[PS]E..B,6
40,2504,.....[RTU]E..B,5
41,427,,1
41,430,,1
41,431,,1
41,432,,1
41,433,,1
41,434,,1
41,436,,1
41,437,,1
41,1049,,6
41,1050,,6
41,1051,,6
41,1052,,6
41,1053,,6
41,1270,,6
41,1271,,6
41,1272,,6
41,1273,,6
41,1274,,6
41,1308,.....[0135]...[8],6
41,1308,.....[235]...[234567],6
41,1308,.....[46]...[234567],5
41,1308,.....[467]...[8],5
41,1308,....L[AEK]...[A],6
41,1308,....L0...[9],5
41,1308,....L1...[9],6
41,1308,....L3...[9],6
41,1308,....L4...[9],5
41,1308,....L5...[9],6
41,1308,....L6...[9],5
41,1308,....L9...[9],6
25,2294,......6..[89],7
25,2294,......C..[^Y123456789],7
25,2354,...BC.B..[^123456789],5
25,2354,...ZB.B..[^123456789],3
25,2358,......C..[^Y123456789],7
25,2359,......C..[^Y123456789],7
25,2362,......B..[^123456789],6
25,2400,......F..[^Y123456789],5
25,2494,......B..[^Y123456789A],6
25,2530,...HX8BH.C,7
25,2559,......G..[^Y123456789ABC],6
26,170,,1
26,304,,1
26,305,,1
26,306,,1
26,517,.........[3456789],7
26,517,......[^CF]..[BCDEFGHJKLMNPRSTVWXY12],1
26,517,......[CF]..[AB],7
26,940,......7..[WXY123456789],3
26,940,......8..[WXY123456789],4
26,940,......H..[^WXY123456789],3
26,940,......J..[^WXY123456789],4
26,1055,,7
26,1251,,3
26,1369,.....[78],5
26,1369,.....6,3
26,1698,.....16,3
26,1698,.....18,4
26,1953,,6
26,2049,......6..[789],6
26,2049,......8..[789],5
26,2049,......G..[^789],6
26,2049,......J..[^789],5
26,2049,......L..[BC],6
26,2102,.....6,6
26,2102,.....8,5
26,2156,......7..[789],3
26,2156,......8..[789],4
26,2156,......H..[^789],3
26,2156,......J..[^789],4
26,2298,......[EF]..[^9],5
26,2298,......3..[9],6
26,2298,......4..[9],5
26,2298,......D..[^9],6
26,2351,......A,5
26,2351,......F,6
26,2571,,6
26,2686,.....1...[^ABCDE],6
26,2686,.....2...[^ABCDE],5
27,28,,1
27,28,,4
27,51,...G.....[BCDEFGHJKLMNPRSTVWXY12],1
27,71,,1
27,89,,1
27,89,,3
27,90,,1
27,90,,3
27,91,,1
27,91,,3
27,91,,4
27,92,.....[123],3
27,92,.....[456],4
27,236,,1
27,296,.......[12].[KLMNPRSTVW],3
27,296,.......3.[KLMNPRSTVW],4
27,296,...LW,3
27,298,,1
27,299,,1
27,311,,7
27,311,...N,1
27,322,.....42,3
27,322,.....44,4
27,386,,6
27,386,.........M,4
27,386,...B,1
27,394,,1
27,814,......[236]..[123456789],3
27,814,......[CG]..[A],3
27,814,.....1[26]..[RSTV],3
27,814,.....1[37]..[RST],4
27,815,......[26]..[RSTVWXY12345678],3
27,815,......[37]..[RSTVWXY12],4
27,816,......[26]..[RSTVWXY123456789],3
28,757,......6..[RSTVWXY12],1
28,757,......H..A,7
28,818,.........[^RTSTVWXY123456],7
28,818,.........[RSTV],1
28,818,.....65..[WXY12345],7
28,818,.....82..[WXY12345],5
28,819,,1
28,823,......[0123456789]..[123456789],7
28,823,......[0123456789]..[RSTVWX],1
28,823,......G..[^123456789],7
28,828,,1
28,830,,1
28,831,,1
28,831,.........[^BCDEFGHJKLMNPRSTVWX],7
28,831,...NG84..[^BCDEFGHJKLMNPRSTVWXY12],5
28,832,,1
28,838,,1
28,839,,1
28,860,,1
28,883,,1
28,930,......[027]..[234567],7
28,930,...G.52..[89],7
28,930,...G.85..[89],5
28,930,...H..[34]..[VWXY],1
28,947,,7
28,961,,5
28,962,.........[^WXY123],7
28,962,.........[WXY12],1
28,962,...LK65..[3],1
28,962,...TJ65..[3],7
28,992,,1
28,992,,7
28,993,......[68]..[123456789],7
28,993,......[68]..[WX],1
28,993,......G..[^WXY1234546789],7
28,994,,1
28,997,.........[WX],1
28,997,.....70..[^BCDEFGHJKLMNPRSTVWX],7
28,997,.....83..[^BCDEFGHJKLMNPRSTVWX],5
28,1007,,1
28,1019,.........[Y12],7
28,1019,.....7...[^Y12],7
28,1019,.....8...[^Y12],5
28,1021,,1
28,1028,,5
28,1033,,1
28,1033,,7
28,1141,,5
28,1160,.........[12],7
28,1160,.....61..[^BCDEFGHJKLMNPRSTVWXY12],7
28,1160,.....81..[^BCDEFGHJKLMNPRSTVWXY12],5
28,1161,.........[12],7
28,1161,.....6...[^BCDEFGHJKLMNPRSTVWXY12],7
28,1161,.....8...[^BCDEFGHJKLMNPRSTVWXY12],5
28,1167,,7
28,1241,.........[^12],7
28,1241,.........[12],1
28,1242,,7
28,1243,,7
28,1304,,7
28,1305,,7
28,1307,,4
28,1334,,5
28,1414,,7
28,1440,,7
28,1459,......[16]..[3456789],4
28,1459,......B..[^DEFGHJKLMNPRSTVWXY123456789],4
28,1545,......H..[^Y123456789AB],5
28,1545,......J..[^Y123456789ABC],7
28,1545,.....56..9,7
28,1545,.....5G..[AB],7
28,1545,.....86..[6789],5
28,1545,.....8G..[AB],5
28,1545,...AB57..[345],5
28,1693,,7
28,1695,......[68]..[56789],7
28,1695,......H..[^Y123456789AB],7
28,1695,......J..[AB],7
28,1781,......9..[5689],7
28,2587,......E..[^Y123456789ABC],5
28,2590,......F..[^Y123456789ABC],7
28,2619,......E..[^ABCD],6
28,2619,......G..[^ABCD],5
28,2620,......C..[^ABCD],5
28,2631,......E..[^ABCD],7
28,2631,......H..[^ABCD],5
28,2708,......A..[^ABCD],6
29,110,,1
29,178,,1
29,250,,1
29,250,.........[^CDEFGHJKLMNPRSTVWXY12],7
29,273,,1
29,291,,1
29,307,,1
29,438,.........[GHJKLMNPRSTVWX],1
29,438,.........[Y12345],6
29,438,......[02]..[^BCDEFHJKLMNPRSTVWX1234567],6
29,438,......[13]..[^BCDEFHJKLMNPRSTVWX1234567],5
29,515,,1
29,515,,4
29,519,,1
29,538,....V,3
29,558,,1
29,665,......[02],6
29,665,......[13],5
29,666,,6
29,812,,1
29,857,,1
29,908,......[45][^P].[VWX],4
29,908,......2..[VWX],3
29,908,.....3...[^VWXY12345],3
29,908,.....4...[^VWXY12345],5
29,908,.....55..[VWX],5
29,908,.....66..[Y12345],3
29,908,.....7...[Y1],4
29,908,.....86..[Y12345],5
29,1226,,1
29,1397,.........[34],7
29,1635,....N8...[AB],3
29,1635,....N9...[AB],4
29,1635,....U56..[56],3
29,1635,....U57..[56],4
29,1635,....U8...[789],3
29,1635,....U9...[789],4
29,1972,.....2...[AB],3
29,1972,.....3...[AB],4
29,1972,....U29..[89],3
29,1972,....U39..[789],4
29,1972,....U98..[6],4
29,1994,......[12]..[789],5
29,1994,......[78]..[6789],6
29,1994,......[HJL]..[AB],6
29,1994,......C..[AB],5
30,444,,1
30,553,,1
31,23,,1
31,23,,4
31,171,,1
31,199,,1
31,199,,6
31,207,......[45]..[LMNPRSTVWX],1
31,207,......[45]..[Y123456789],6
31,207,......[DE]..[ABC],6
31,223,....[VY]....N,3
31,223,....[WZ]....N,4
31,223,....B....[PR],3
31,223,....C....P,4
31,223,....D....[PRS],3
31,223,....E....[PRS],4
31,243,......6,1
31,243,......6..[456789],6
31,243,......F..[^GHJKLMNPRSTVWXY123456789],6
31,244,,1
31,315,,1
31,315,......H..[^ABCD],6
31,318,......[0123456789],4
31,335,....[LPS],3
31,335,....[MKT],4
31,380,,1
31,451,,1
31,470,,1
31,524,,1
31,531,,3
32,2243,......8V.[89],5
32,2243,......M[KMV].[^ABCD],5
32,2243,......M[LT].[^ABCD],6
32,2243,......MT.[ABCD],6
32,2243,......MV.[ABCD],5
32,2278,......E..[^123456789],5
32,2278,...A..4..9,5
32,2339,......[EF]..[^JKLMNPRSTVWXY123456789],7
32,2339,......4..9,7
32,2353,......8..9,6
32,2353,......KR.[^Y123456789],6
32,2353,......KZ.[^Y123456789A],6
32,2473,......MR.[^Y123456789],6
32,2473,......MV.[^Y123456789],5
32,2492,......C..[^Y123456789A],6
32,2495,......[KL]..[^Y123456789AB],7
32,2495,......A..[^ABC],7
32,2496,......K..[^Y123456789AB],7
32,2497,......[KL]..[^Y123456789AB],7
32,2592,......K..[^ABC],6
32,2611,......C..[^ABCD],6
32,2638,......MM.[^Y123456789ABCD],4
32,2638,......MN.[^Y123456789ABCD],3
32,2657,......MT.[^ABCD],6
32,2657,......MV.[^ABCD],5
33,79,,1
33,99,....S....[^MNPRSTVWXY1],3
33,99,....T....[^MNPRSTVWXY1],5
33,99,....T....[MNPRSTVWXY1],4
33,107,,1
33,184,,1
33,188,,1
33,189,,1
33,190,,1
33,191,,1
33,192,,1
33,198,,1
33,212,,1
33,229,,1
33,325,,1
33,327,,1
33,452,....[UX],3
33,452,....V....[^LMNPRSTVWXY1],5
33,516,,1
33,849,,6
33,929,,1
33,936,,1
33,949,,1
33,1008,,6
34,34,,1
34,39,,1
34,40,,1
34,50,,1
35,77,,1
35,86,,1
35,86,,3
35,113,,1
35,121,,1
35,164,,1
35,164,,3
35,164,,4
35,165,,1
35,165,....B....[PR],3
35,165,....C....[PR],4
35,165,....G....[EFGHJKLM],3
35,165,....H....[FGHJKLM],4
35,165,....V....N,3
35,165,....W....N,4
35,169,,1
35,223,,1
35,247,,1
35,254,....H....[HJKLMNPRS],3
35,254,....K....[NPRS],4
35,254,....P....[^BCDEFGHJKLMNPRS],3
35,254,....P....M,4
35,254,....T....[TVWX],4
35,257,,1
35,279,,1
35,279,....F,3
35,279,....G,4
35,279,....S,3
35,279,....T,4
35,417,,1
35,441,,1
35,442,,1
35,442,,3
35,502,,1
35,521,,1
35,521,,3
35,522,,1
35,522,,4
35,527,,1
35,541,....H....[EFGHJKLMNPRS],3
41,1308,....L9.7.8,5
41,1308,....L9.Z.8,6
41,1308,...A.....[A],6
41,1308,...F.....[A],5
41,1466,,6
41,1467,,6
41,1468,,6
41,1787,,6
41,1788,,6
41,1789,,6
41,1933,,6
41,1951,....V,6
41,1951,....X,5
41,2009,,7
41,2094,,6
41,2154,....R,6
41,2154,....V,5
41,2250,,6
42,62,,1
42,63,,1
43,97,,1
43,97,,4
43,193,.....[24],3
43,193,.....5,4
43,234,,1
43,234,.....[24],3
43,234,.....[57],4
43,235,,1
43,235,.....[45],3
43,235,.....[57],4
43,237,,1
43,237,,3
43,261,......[^0123456789]..[^Y123456789ABCD][GH89],5
43,261,......[^0123456789]..[CD][GH12],5
43,261,......[0123456789]..[123456789][GH],5
43,261,......[0123456789]..[4567]L,5
43,261,......[0123456789]..[PRS][BK],3
43,261,......[0123456789]..[PRS]D,4
43,261,......[0123456789]..[PRST],1
43,261,......[0123456789]..[PRSTVWXY][GH],4
43,261,......[ABCDEF]..[AB][GH],5
43,270,,1
43,270,.........[MNPR][19BCK],3
43,270,.........[MNPR][67DFGH],4
43,270,.....7...[HJKL],3
43,270,.....8...[HJKL],4
43,285,......[0123456789]..[LMNPRST][19BCK],3
43,285,......[0123456789]..[LMNPRSTVWX][678DFGH],4
43,285,......[0123456789]..[Y123456789],5
43,285,......[ABCDEFGHJKLMN]..[^ABCDE],5
43,285,......[ABCDEFGHJKLMNPS]..[ABCDE],5
43,287,,1
43,287,..........[19BCK],3
43,287,..........[67DFGH],4
43,393,,1
43,393,,4
43,435,,1
43,435,..........[19BK],3
43,435,..........[67DFGH],4
43,483,,1
43,483,.....2,3
43,483,.....5,4
43,554,,1
43,554,.....[57],4
43,554,.....4,3
43,555,,1
43,555,.........M[19BCK],3
43,555,.........M[67DFGH],4
43,555,.....8...[JKL],3
43,555,.....9...[JKL],4
43,763,,1
43,959,......[^0123456789]..[^ABCD],5
43,959,......[0123456789]..[23456789],5
43,959,......[ABCDEFGH]..[BCD],5
43,959,.....6[ABCDEFGH]..A,5
43,959,....F.[0123456789]..[WXY1],4
43,1170,......[^1234567890]..[^Y123456789],5
43,1170,......[0123456789]..[Y123456789],5
43,1442,,5
43,1926,,5
43,2245,......[0123456789]..[89],5
43,2245,......[ABCDEFGHJK]..A,5
43,2245,...WX.[FGHJK]..[^JKLMNPRSTVWXY123456789A],5
43,2270,......[0123456789]..[89][GH],5
43,2270,......[0123456789]..[89]L,5
43,2270,......[EFG]..[BCDE]G,5
43,2270,......[HJ]..[BCDE]L,5
43,2270,......G..AG,5
43,2270,......H..AL,5
43,2550,......[BC]..[^Y123456789ABC],7
43,2560,......[^0123456789]..[^Y123456789ABC],5
43,2656,......[^0123456789]..[^ABCD],5
43,2684,......[^0123456789]..[^ABCDE],5
44,440,,1
44,440,....[AC],4
44,440,....D,3
44,450,...T[AD],4
44,450,...T[CE],3
44,504,...A,1
44,777,,1
44,867,.S2,1
44,880,,1
44,880,...LA,3
44,880,...LB,4
44,1014,....[AD].[24]..[XY123456789],4
44,1014,....[CE].[24]..[XY123456789],3
44,1014,....D.D..[^Y123456789],4
44,1014,....E.D..[^Y123456789],3
44,1015,....[AD],4
44,1015,....[CE],3
44,1378,....[AX]....[123456],4
44,1378,....[BY]....[123456],3
44,1378,....A....[^BCDEFGHJKLMNPRSTVWXY123456],5
44,1378,....B....[^BCDEFGHJKLMNPRSTVWXY123456],6
44,1381,....[AC],6
44,1381,....[BD]....[^2],5
44,1559,,6
44,1560,,6
44,1645,....D,4
44,1645,....E,3
44,1647,,6
44,1672,,6
44,1834,,1
44,1835,,1
44,1836,,1
44,1837,,1
44,1839,,1
44,1889,,1
44,1892,,1
44,1897,,1
44,1898,,1
44,1908,,1
44,1912,,1
44,2035,,1
44,2097,....A.1..[789],6
44,2097,....A.A..[^Y123456789],6
44,2097,....B.1..[789],5
44,2097,....B.A..[^Y123456789],5
44,2097,....C.1..[89],6
44,2097,....C.A..[^Y123456789],6
44,2149,,1
44,2150,,1
44,2151,,1
44,2158,,1
44,2159,,1
44,2177,,1
44,2178,,1
44,2181,,1
44,2193,,1
44,2194,,1
44,2214,,1
44,2217,,1
44,2218,,1
44,2219,,1
44,2220,,1
44,2297,,1
44,2311,,1
44,2341,......[679]T.9,7
44,2341,......[679]U.9,7
44,2341,......[679]W.9,4
44,2341,......[CEF]R.[^Y123456789],7
44,2341,......[CEF]T.[^Y123456789],7
44,2341,......[CEF]V.[^Y123456789],4
44,2341,......[CEF]W.[^Y123456789],4
44,2365,.........[^Y12345678],1
44,2387,,1
45,850,......D..[ABC],6
45,850,......E..[^Y123456789ABC],6
45,876,.....[45]...S,3
45,876,.....[67]...S,4
45,876,...[GNSV].....[TVWXY1234],3
45,876,...[HPW].....[TVWXY1234],4
45,876,...[JKNT]..[0123456789]..[56789],3
45,876,...[JKNT]..[CEFGH]..[^Y123456789],3
45,876,...[LMPU]..[0123456789]..[56789],4
45,876,...[LMPU]..[CEFGH]..[^Y123456789],4
45,892,....L.D..[^ABC],6
45,892,...[BDEJR]..D..[ABC],4
45,892,...[BDR]..E..[^ABC],5
45,892,...[GX].....[TVWXY12345],3
45,892,...[HY].....[TVWXY12345],4
45,892,...[KWXYZ]..D..[ABC],3
45,892,...[WYZ]..E..[^ABC],6
45,892,...B.....[6789],4
45,892,...YL.D..C,6
45,892,...Z.....[6789],3
45,956,......[0123456789]..[WXY123],3
45,956,...[BDJ]..C..A,5
45,956,...[DJ]..D..[^JKLMNPRSTVWXY123456789A],5
45,956,...[KYXZ]..D..[^JKLMNPRSTVWXY123456789A],6
45,956,...[KYZ]..C..A,3
45,956,...B..[0123456789]..[456789],5
45,956,...Z..[0123456789]..[456789],3
45,1012,,1
45,1012,,6
45,1038,...[BK]..[0123456789]..[Y123456789],4
45,1038,...[CM]..[0123456789]..[789],4
45,1038,...[JL]..F..[ABCD],3
45,1038,...[JR]..[0123456789]..[Y123456789],3
45,1038,...[KM]..F..[ABCD],4
45,1038,...A..F..[^ABCD],4
45,1038,...B..F..[^Y123456789],4
45,1038,...C..F..[^Y123456789],4
45,1038,...D..[0123456789]..[456789],4
45,1038,...D..F..[^Y123456789],4
45,1038,...E..[0123456789]..[456789],3
45,1038,...E..F..[^Y123456789],3
45,1038,...F..F..[^Y123456789],3
45,1038,...G..F..[^ABCD],3
45,1038,...H..F..[^Y123456789],4
45,1038,...L..[0123456789]..[789],3
45,1038,...N..F..[^ABCD],3
45,1038,...P..F..[^ABCD],4
45,1038,...R..F..[^Y123456789],3
45,1038,...S..[0123456789]..[3456789],3
45,1038,...S..F..[^Y123456789],3
45,1038,...T..F..[^Y123456789],3
45,1038,...U..F..[^Y123456789],4
45,1062,,6
45,1118,,7
45,1137,......[1234567890]..[123],1
45,1137,......[1234567890]..[456789],6
45,1137,......D..[^123456789],6
45,1163,...[BDJ]..G..[^JKLMNPRSTVWXY123456789],4
45,1163,...[KYZ]..G..[^JKLMNPRSTVWXY123456789],3
45,1163,...B..[0123456789]..[89],4
45,1163,...B.4[0123456789]..[1234567],4
45,1163,...Z..[0123456789]..[89],3
45,1163,...Z.3[0123456789]..[1234567],3
45,1269,...[BDEJR]..E..[ABCD],4
45,1269,...[BDJ]..F..[^ABCD],5
45,1269,...[KYWZX]..E..[ABCD],3
45,1269,...[KYZ]..F..[^ABCD],6
45,1269,...D..[0123456789]..[456789],3
45,1269,...E..[0123456789]..[456789],4
45,1269,...G..[0123456789]..[1234567],3
45,1269,...H..[0123456789]..[1234567],4
45,1380,...G..[0123456789]..9,6
45,1380,...K..[0123456789]..[3456789],6
45,1380,...K..E..[^Y123456789],6
45,1380,...L.....[3456],5
45,1380,...L..[0123456789]..9,5
45,1380,...L..E..[ABCD],5
45,1380,...M..E..[ABC],6
45,1400,......[02]..[6789],6
45,1400,......D..[^Y123456789AB],6
45,1400,......K..[ABC],6
45,1937,......F..[^ABCD],5
45,1937,...[BD]..E..[BCD],4
45,1937,...[BJ]..E..A,4
45,1937,...D..[0123456789]..[67],3
45,1937,...E..[0123456789]..[6789],4
45,1937,...G..[0123456789]..[67],3
45,1937,...H..[0123456789]..[67],4
45,2060,...B..1..[789],4
45,2060,...B..B..[^123456789],4
45,2060,...Z..1..[789],3
45,2060,...Z..B..[^123456789],3
45,2340,...B..1..9,5
45,2340,...B..B..[^JKLMNPRSTVWXY123456789],5
45,2340,...Z..1..9,6
45,2340,...Z..B..[^JKLMNPRSTVWXY123456789],6
45,2516,......E..[^Y123456789AB],6
45,2519,......D..[^Y123456789AB],6
45,2533,......B..[^Y123456789AB],6
45,2580,......E..[^Y123456789ABC],6
46,508,,1
46,509,,1
46,703,,1
47,105,,1
47,106,,1
47,175,,1
47,195,,1
47,231,,1
47,245,......[0123456789]..[FGHJKLMNPRSTVW],1
47,245,......[0123456789]..[Y123456],6
47,245,......1H.[X],1
47,245,......1J.[X],6
47,245,......A..[^Y123456789],6
47,246,,1
47,267,......[0123456789]..[BCDEFGHJKLMNPRSTVW],1
47,267,......[0123456789]..[Y123456789],6
47,267,......1H.[X],1
47,267,......9M.[X],6
47,267,......A..[^JKLMNPRSTVWXY123456789],6
47,268,,1
47,332,......3..[LMNPRSTVWX],1
44,2396,....E.A..[^Y123456789],6
44,2396,....F.A..[^Y123456789],5
44,2463,,1
44,2464,,1
44,2510,,1
44,2667,,1
45,36,.....2[0123456789]..[LMNPRS],3
45,36,.....3[0123456789]..[LMNPRS],4
45,36,.....6[0123456789]..[EFGHJK],4
45,36,...B..[0123456789]..[3456789],4
45,36,...B..J..[^JKLMNPRSTVWXY123456789],4
45,36,...G..[0123456789]..[TVWXY12],3
45,36,...H..[0123456789]..[TVWXY12],4
45,36,...Z..[0123456789]..[3456789],3
45,36,...Z..J..[^JKLMNPRSTVWXY123456789],3
45,109,......[0123456789]..[23456789],6
45,109,......[1234567890]..[BCDEFGH],1
45,109,......[1234567890]..[NPRSTVWXY1],1
45,109,......[1234567890][^J].[JKLM],1
45,109,......[1234567890]J.[JKLM],4
45,109,......E..[AB],6
45,109,......F..[^Y123456789AB],6
45,117,,1
45,117,,6
45,118,,1
45,129,,1
45,129,,3
45,173,......[1234567890]..[3456789],6
45,173,......[1234567890]..[BCDEFGH],1
45,173,......[1234567890]..[NPRSTVWXY12],1
45,173,......[1234567890][^V].[JK],1
45,173,......[1234567890][^V].[M],1
45,173,......[1234567890][AJK].[L],1
45,173,......[1234567890][BMW].[L],4
45,173,......[1234567890]F.[K],4
45,173,......[1234567890]K.[LMN],3
45,173,......[1234567890]V.[JKLMN],4
45,173,......E..[ABCD],6
45,173,......H..[^ABCD],6
45,174,,1
45,182,,1
45,278,......[0123456789],4
45,278,......A..[^Y123456789],4
45,297,,1
45,331,,1
45,335,,1
45,335,......4..[BCD],3
45,335,......8..[BCD],4
45,335,.....[01]...[KLMNPRS],4
45,335,.....[0579]...[EFGHJ],3
45,335,.....[346]...[EFGHJ],4
45,335,.....[89]...[KLMNPRS],3
45,383,,1
45,383,.....1,3
45,383,.....2,4
45,471,,1
45,503,,1
45,505,.....1...[PRS],3
45,505,.....2...[PRS],4
45,505,...[JT].....[TVW],3
45,505,...K.....T,4
45,505,...L.....T,3
45,505,...U.....[TVW],4
45,513,,1
45,513,,3
45,513,,4
45,531,,1
45,531,,3
45,531,,4
45,850,......[0123456789]..[STVWX],1
45,850,......[0123456789]..[Y123456789],6
47,332,......A..[^Y123456789AB],6
47,332,...[^BDFMRV]..3..[6789],6
47,332,...[^DEKL]..3..1,6
47,332,...[^KLSTUXYZ]..3..[234],6
47,332,...[^RTUW]..3..[Y],6
47,332,...[^STXY]..3..1,6
47,332,...[ACMNRW]..3..[5],6
47,332,...[BDFMRV]..3..[6789],5
47,332,...[BDTY]..3..[5],5
47,332,...[DEKL]..3..1,5
47,332,...[JX][KLM].A..A,6
47,332,...[KLSTUXYZ]..3..[234],5
47,332,...[PV]..3..[4],5
47,332,...[RTUW]..3..Y,5
47,332,...[STXY]..3..1,5
47,332,...L..3..9,5
47,332,...XU.A..A,5
47,335,,1
47,335,,3
47,390,,1
47,395,,1
47,395,......[0123456789]..[6789],6
47,443,,1
47,532,,1
47,532,,3
47,532,,4
47,596,......A..[^Y123456789AB],6
47,810,.........[^BCDEFKLMNPRSTV],4
47,810,.........[FGHJKLMNPRSTV],3
47,951,......7,3
47,1002,......1..[WXY123456789],6
47,1002,......A..A,6
47,1464,......1..[3456789],6
47,1464,......A..[^JKLMNPRSTVWXY123456789],6
47,1561,......7..[456789],5
47,1561,......A..A,5
47,1561,......B..[^Y123456789A],5
47,1562,.........4,5
47,1562,.........8,5
47,1563,,5
47,1884,,1
47,2101,......1..[789],6
47,2101,......A..[^Y123456789],6
47,2185,......1..[789],6
47,2185,......B..A,6
47,2186,,6
47,2263,......1..[89],6
47,2263,......A..[^Y123456789AB],6
47,2303,...[AC]..A..[^JKLMNPRSTVWXY123456789],6
47,2303,...[HK]..A..[^JKLMNPRSTVWXY123456789ABC],6
47,2303,...A..5..9,6
47,2303,...B..5..9,5
47,2303,...B..A..[^JKLMNPRSTVWXY123456789],5
47,2303,...J..A..[^JKLMNPRSTVWXY123456789ABC],5
47,2317,......[ABCD]..[^Y123456789AB],6
47,2317,......4..9,6
47,2317,......D..[AB],6
47,2334,...[^G]..3..9,6
47,2334,...[^G]..A..[ABC],6
47,2334,...G..3..9,5
47,2334,...G..A..[ABC],5
47,2532,......A..[^Y123456789AB],5
47,2574,...[ABHNR]..A..[^ABC],6
47,2574,...G[PN].A..[^ABC],6
47,2574,...GU.A..[^ABC],5
47,2584,......A..[^Y123456789ABC],6
48,11,,1
48,13,,1
48,14,,1
48,15,,1
48,17,,1
48,18,,1
48,19,,1
48,56,,1
48,56,.........N,6
48,58,,1
48,2693,......S..[^ABCDE],5
49,105,,1
49,240,,1
49,241,,1
49,242,,1
49,778,,1
50,866,...F,1
50,871,.....3A..[^Y123456789A],6
50,871,.....3A..A,3
50,871,.....CA..[^Y123456789],5
50,871,....A.[0123456789]..[STVWXY12],4
50,871,....B.[0123456789]..[STVWXY12],3
50,871,....E.[0123456789]..[56789],5
50,871,....F.[0123456789]..[56789],3
50,1158,.........[Y123456789],6
50,1159,......2..[123456789],6
50,1159,......A..[^Y123456789],6
50,1240,......[0123456789]..[123456789],6
50,1240,......A..[^Y123456789],6
50,1267,......[0123456789]..[123456789],6
50,1267,......A..[^DEFGHJKLMNPRSTVWXY123456789],6
50,1303,......[0123456789]..[23456789],3
50,1303,......C..[^GHJKLMNPRSTVWXY123456789ABC],6
50,1303,......C..[ABC],3
50,1411,,6
50,1412,,6
50,1437,.....[1234567]A..[^JKLMNPRSTVWXY123456789A],6
50,1437,.....[ABCDEFG]A..[^JKLMNPRSTVWXY123456789A],5
50,1437,....C.[0123456789]..[3456789],4
50,1437,....D.[0123456789]..[3456789],3
50,1578,,6
50,1778,.........[^BCDEFGHJKLMNPRSTVWXY1234],6
50,1998,......[46]..[6789],6
50,1998,......A..[^Y123456789],6
50,2184,......[0123456789]..[789],6
50,2184,...H..[ABCDEFN]..[^JKLMNPRSTVWXY123456789],6
50,2314,.........[^123456789],4
50,2314,...JH....9,4
50,2314,...JJ....9,3
50,2350,......A..[^Y123456789],6
50,2352,......A..[^JKLMNPRSTVWXY123456789],6
50,2397,......A..[^Y123456789],6
50,2604,......D..[^Y123456789ABCD],6
50,2683,......D..[^ABCDE],7
50,2694,......A..[^ABCD],6
53,654,,1
55,761,,1
55,761,,3
55,761,,4
56,780,,1
56,787,,4
56,798,,1
56,800,,1
58,801,,1
68,909,,1
92,1009,...V,1
92,1010,.......Z,1
92,1011,...T,1
94,1379,,5
94,1564,,4
94,1634,,5
94,1873,,4
94,2015,,5
94,2103,,4
94,2309,,4
95,1405,......3..[23456789],6
95,1405,......C..[^Y123456789],6
95,2292,......3..[89],6
95,2292,......C..[^JKLMNPRSTVWXY123456789],6
95,2489,.....1C..[^ABC],5
95,2489,.....3C..[^Y123456789A],6
95,2489,.....5C..[^Y123456789A],5
95,2536,......C..[^Y123456789AB],6
95,2537,......C..[^123456789AB],6
95,2585,.....1C..[^ABC],6
95,2585,.....5C..[^ABC],6
95,2585,.....7C..[^ABC],5
95,2585,.....9C..[^ABC],5
96,1454,,4
97,1517,,7
97,1518,,7
97,1519,,7
97,1520,,7
97,1613,......[KLM]..[^123456789],7
97,1613,......9..[456789],7
97,1872,,7
97,2308,......[KLM]..[^123456789],7
97,2308,......5..[89],7
98,1472,,7
98,1473,,7
98,1479,,7
98,1802,......[0123456789]..[56789],7
98,1802,......[AB]..[^Y123456789],7
98,1905,......[34]..[56789],7
98,1905,......[ABDE]..[^123456789],7
98,2360,......[ABC]..[^Y123456789],7
98,2360,......5..[89],7
98,2449,......A..[^Y123456789],7
98,2539,......C..[^Y123456789A],7
98,2541,......[ABCD]..[^AB],7
99,1483,......[0123456789]..[LMNPRS],7
99,1483,......3..[6789],5
99,1483,......Z..[^EFGHJKLMNPRSTVWXY123456789],5
99,1484,,7
99,1485,,7
99,1486,,7
99,1487,......[0123456789]..[XY123456789],7
99,1488,......[0123456789]..[TVWXY123456789],7
99,1488,......B..[^DEFGHJKLMNPRSTVWXY123456789],7
99,1490,,7
99,1491,,7
99,1492,,7
99,1493,,7
99,1612,......3..[456789],5
99,1612,......Z..[^DEFGHJKLMNPRSTVWXY123456789],5
99,2147,......3..[789],5
99,2147,......Z..[^DEFGHJKLMNPRSTVWXY123456789],5
99,2318,,7
100,1495,,7
100,1496,,7
100,1497,,7
100,1498,,7
100,1499,,7
100,1500,,7
100,1501,,7
100,1502,,7
100,1503,,7
100,1504,,7
100,1505,,7
100,1506,,7
100,1508,,7
100,1509,,7
100,1818,.........[^1234],7
100,1932,.........[^1234],7
100,2148,......C..[^DEFGHJKLMNPRSTVWXY123456789],7
100,2148,.....60..[789],7
100,2444,......J..[^FGHJKLMNPRSTVWXY123456789],7
100,2482,......F..[^A],7
100,2542,......K..[^123456789AB],5
101,1510,......[0123456789]..[123456789],5
101,1510,......A..[^DEFGHJKLMNPRSTVWXY123456789],5
101,1511,,7
101,1512,,5
101,1513,,7
101,1569,......[0123456789]..[456789],5
101,1569,......A..[^JKLMNPRSTVWXY123456789],5
101,1569,......B..[^JKLMNPRSTVWXY123456789],7
101,2596,......Z..[^AB],5
102,1515,,7
102,1516,,7
115,2207,,1
115,2208,,1
115,2209,,1
115,2210,,1
115,2211,,1
115,2215,,1
115,2216,,1
115,2227,,1
115,2228,,1
115,2310,,1
115,2315,,1
115,2336,,1
115,2361,,1
115,2378,,1
115,2385,,1
115,2418,,1
115,2420,,1
115,2430,,1
115,2437,,1
115,2438,,1
115,2442,,1
115,2453,,1
115,2486,,1
115,2501,,1
115,2515,,1
115,2613,,1
115,2646,,1
115,2682,,1
115,2699,,1
115,2711,,1
117,1955,,1
117,1963,,1
117,1964,,1
117,1965,,1
117,2011,,1
117,2019,,1
117,2286,,1
117,2333,,1
126,2476,....D2...[C],3
126,2476,....D3...[C],4
126,2476,....DP...[C],3
126,2476,....DR...[C],4
126,2476,....M....[B],3
126,2476,....R2...[^123456789ABC],3
126,2476,....R3...[^123456789ABC],4
126,2476,....RP...[^123456789ABC],3
126,2476,....RR...[^123456789ABC],4
126,2476,....Y....[B],4
126,2477,....D4...[C],3
126,2477,....D5...[C],4
126,2477,....P....[B],3
126,2477,....R4...[^123456789ABC],3
126,2477,....R5...[^123456789ABC],4
126,2477,....T....[B],4
126,2478,....B....[B],3
126,2478,....D4...C,3
126,2478,....D6...[C],3
126,2478,....D7...[C],4
126,2478,....R6...[^123456789ABC],3
126,2478,....R7...[^123456789ABC],4
126,2478,....V....[B],4
126,2481,....E....[^123456789A],3
126,2481,....W....[^123456789A],4
126,2528,,6
126,2627,,6
126,2628,,6
126,2629,,6
48,59,,1
48,64,,1
48,72,,1
48,74,,1
48,944,.........[W],6
48,944,....S....[XY],6
48,944,....T....[XY],5
48,945,.......W.[^JKLMNPRSTVWXY123456789],6
48,945,....[JZ]....[1234567],5
48,945,....[VZ]....[WXY],5
48,945,....W....[123456789],6
48,945,....W....[WXY],6
48,945,....W....W,5
48,946,......[0123456789]..[6789],6
48,946,......[0123456789]..[WXY1234],6
48,946,......M..[^FGHJKLMNPRSTVWXY123456789],6
48,954,,1
48,955,,1
48,1016,......[0123456789]..[XY123],6
48,1016,......A..[^ABCDE],6
48,1016,......AH.[ABCDE],5
48,1016,......AR.A,5
48,1016,......AS.[ABCDE],6
48,1016,......M..[^ABCDE],5
48,1016,....H.[0123456789]..[456789],5
48,1016,....R.[0123456789]..9,5
48,1016,....S.[0123456789]..[456789],6
48,1016,...TR.[0123456789]..5,6
48,1065,......MH.A,5
48,1065,......MS.[^Y123456789],6
48,1065,...MH.[0123456789]..[456789],5
48,1065,...MS.[0123456789]..[456789],6
48,1065,...VS.[0123456789]..[Y1234],6
48,1066,,6
48,1249,......[0123456789]..1,6
48,1249,......F..[^ABCDE],6
48,1249,......F..B,5
48,1249,......FH.[CDE],5
48,1249,......FS.[CDE],6
48,1249,......T..[^ABCDE],5
48,1249,.....61..[2345],6
48,1249,....H.[0123456789]..[23456789],5
48,1249,....S.[0123456789]..[23456789],6
48,1443,......C[FY].[^Y123456789],6
48,1443,......C[TZ].[^Y123456789],5
48,1443,....[FR].[0123456789]..[9],5
48,1443,....[MTZ].[0123456789]..[3456789],5
48,1443,....[NY].[0123456789]..[3456789],6
48,1556,......[0123456789]..[3456789],5
48,1556,......B..[^ABCDE],6
48,1556,......B..A,5
48,1556,......BL.[BCDE],6
48,1556,......BZ.[BCDE],5
48,1556,......N..[^ABCDE],5
48,1783,.......J.[^123456789],5
48,1783,.......W.[^123456789],6
48,1783,....J....[56789],5
48,1783,....W....[56789],6
48,2240,......[0123456789]..[789],6
48,2240,......M..[^JKLMNPRSTVWXY123456789],6
48,2293,......D..[^ABCDE],6
48,2293,......DL.[ABCDE],6
48,2293,......DZ.[ABCDE],5
48,2293,......R..[^ABCDE],5
48,2693,......E..[^ABCDE],6
102,1785,......1..[56789],7
102,2153,.........[^BCDEFGHJKLMNPRSTVWXY12345],7
103,1521,,7
103,1522,,7
103,1523,,7
103,1524,,7
103,1525,,7
103,1526,,7
103,1527,,7
103,1528,,7
103,1529,,7
103,1532,,7
103,1533,,7
103,1550,......[^0123456789]..[^123456789],7
103,1550,......[0123456789]..[456789],7
104,1535,......[89]..[456789],7
104,1535,......[HJ]..[^123456789],7
104,1536,......[89]..[456789],7
104,1536,......[JH]..[^123456789],7
104,2364,......H..[^123456789],7
105,1543,...KT6[02]..[456],6
105,1544,...KE50E.[89],6
105,1544,...KT3[23]..[456],6
105,1544,...ZE4FE.[^Y123456789],6
105,1736,......[67]..[56789],6
105,1736,......B..A,6
105,1736,......C..[^Y123456789A],6
105,2244,...KU104.[89],6
105,2244,...KU4B4.[ABC],6
105,2244,...KUPB4.[^Y123456789ABC],6
105,2509,......B..[^Y123456789AB],6
105,2543,......A..[^Y123456789ABC],7
111,1694,......1..[89],7
111,1694,......B..[^Y123456789],7
111,1694,....[JK]00..6,7
111,2641,......A..[^Y123456789ABC],7
113,1800,,1
113,1828,,1
113,1829,,1
113,1830,,1
113,1831,,1
113,1832,,1
113,1833,,1
113,1886,,1
113,1887,,1
113,1888,,1
113,1900,,1
113,1956,,1
113,1957,,1
113,1958,,1
113,1980,,1
113,1981,,1
113,1982,,1
113,1983,,1
113,1996,,1
113,1997,,1
113,1999,,1
113,2000,,1
113,2002,,1
113,2005,,1
113,2008,,1
113,2012,,1
113,2013,,1
113,2014,,1
113,2020,,1
113,2034,,1
113,2247,,1
113,2271,,1
113,2272,,1
113,2280,,1
113,2288,,1
113,2392,,1
113,2499,,1
113,2522,,1
113,2593,,1
113,2695,,1
114,1840,,1
114,1841,,1
114,1899,,1
114,1909,,1
114,1910,,1
114,1911,,1
114,2031,,1
114,2036,,1
114,2061,,1
114,2072,,1
114,2073,,1
114,2074,,1
114,2075,,1
114,2076,,1
114,2080,,1
114,2081,,1
114,2082,,1
114,2083,,1
114,2084,,1
114,2157,,1
114,2295,,1
114,2305,,1
114,2343,,1
114,2357,,1
114,2455,,1
115,1842,,1
115,1846,,1
115,1867,,1
115,1880,,1
115,1882,,1
115,2043,,1
115,2053,,1
115,2104,,1
115,2107,,1
115,2199,,1
115,2200,,1
115,2201,,1
115,2204,,1
115,2205,,1
115,2206,,1
